annotation_id,image_id,category_id,bbox_x,bbox_y,bbox_w,bbox_h,score
1,1,27926,598.185384,667.377441,256.416178,491.147786,0.996392
2,1,1900,157.812419,251.206828,203.612549,125.571615,0.988284
3,1,24850,170.856038,739.789876,182.077230,292.657552,0.981200
4,1,16551,552.744466,72.266846,403.139160,404.634766,0.967696
5,3,27926,570.677572,624.559814,260.751953,493.563965,0.998601
6,3,1900,140.925557,240.536296,198.811178,129.216634,0.992018
7,3,24850,137.258443,701.307943,188.603699,297.580892,0.983719
8,3,16551,526.742228,64.005005,392.039673,397.396647,0.974485
9,4,1900,683.810465,806.070312,130.284668,209.037760,0.986627
10,4,29345,118.219849,150.970785,273.650391,418.801351,0.981983
11,4,16551,128.138916,647.337891,297.578532,498.771810,0.975239
12,4,24850,598.378255,253.297241,292.232747,163.911377,0.975053
13,5,1900,180.548197,266.437724,129.153463,200.184753,0.987794
14,5,29345,612.144531,712.081868,287.230469,447.367839,0.986357
15,5,24850,93.182536,895.564697,299.879639,163.824382,0.966775
16,5,16551,569.670247,113.446065,283.488281,481.009257,0.966685
17,8,3483,590.710124,842.512695,281.462565,175.510417,0.998861
18,8,27652,95.227763,852.724284,224.062846,206.937500,0.983974
19,8,20238,623.003825,178.240275,225.773926,215.684937,0.980488
20,8,22347,130.508931,220.226400,204.551453,196.724528,0.966287
21,9,3483,563.109049,808.503337,283.870768,179.528971,0.999015
22,9,20238,594.441976,175.489624,221.800130,212.029175,0.982353
23,9,27652,62.262410,812.058268,226.437866,210.113932,0.981578
24,9,22347,114.187093,211.134440,199.935221,194.847982,0.957809
25,10,29451,102.808024,235.836100,412.284587,221.027913,0.989008
26,10,1900,641.695882,842.159180,192.236328,192.046549,0.983084
27,10,21771,642.396810,289.394328,188.756348,182.817952,0.971629
28,10,16548,101.979940,806.532552,243.891683,240.524414,0.956048
29,13,3351,429.193359,852.434082,192.977702,193.626139,0.999979
30,13,33880,479.485229,241.876851,441.021118,279.545268,0.992648
31,13,16232,143.317403,329.982829,197.730611,191.844564,0.927994
32,13,3351,429.892090,854.104329,57.953288,189.260417,0.013106
33,15,3351,358.997721,246.601359,186.598796,185.273966,0.999990
34,15,33880,53.474243,783.014486,441.987061,279.939453,0.992117
35,15,16232,641.909912,796.042480,196.482910,192.406250,0.956406
36,15,3351,358.355103,247.149862,83.021077,181.151204,0.006142
37,17,3351,297.281250,164.067922,186.083659,191.339427,0.999963
38,17,35206,118.941325,582.988159,308.542318,389.698201,0.983876
39,17,41768,560.401286,640.737223,276.251302,306.384277,0.983862
40,17,4999,206.181193,167.263102,189.026611,190.073730,0.001874
41,19,3483,609.571859,788.366862,273.008464,210.060547,0.997788
42,19,27733,125.192647,768.630534,315.613586,276.646484,0.988228
43,19,28763,99.675212,169.020264,215.006592,202.978027,0.969256
44,19,36637,618.600749,205.139933,265.426758,170.457967,0.958507
45,23,3483,561.522461,808.203613,284.660482,179.918945,0.998727
46,23,25367,20.370443,85.960815,415.731689,441.344971,0.986023
47,23,27652,60.957967,810.191732,226.501709,211.560221,0.980975
48,23,16262,593.264811,176.584229,239.669271,230.042074,0.977444
49,24,3483,588.819824,842.013509,282.301758,175.793620,0.998739
50,24,25367,30.717448,102.133138,432.327962,446.887288,0.991340
51,24,27652,93.918193,851.624023,224.540385,207.397624,0.984567
52,24,16262,621.414714,181.316691,244.458333,233.681112,0.975077
53,27,13395,597.688802,706.382731,237.572591,529.511882,0.989628
54,27,25438,122.762817,821.769857,262.480957,269.284831,0.987460
55,27,2483,597.474935,82.493123,204.304688,471.780070,0.978019
56,27,23222,72.369385,104.781576,298.766520,509.552816,0.976736
57,28,3483,566.128255,812.348470,262.403646,219.831055,0.999219
58,28,25367,15.963114,58.733439,418.769552,464.657389,0.990531
59,28,35206,612.587484,141.419271,226.418620,403.356689,0.982673
60,28,27777,178.053731,813.049235,174.465474,199.850260,0.971801
61,29,3483,538.031087,777.205648,266.400391,224.147949,0.999414
62,29,25367,9.452474,43.529785,399.014242,456.941732,0.989950
63,29,35206,582.359701,134.039144,223.451009,392.066813,0.983073
64,29,27777,143.708781,775.478353,181.328776,206.102214,0.973690
65,31,3544,111.461182,240.734660,207.729167,201.145671,0.998985
66,31,6562,196.589844,712.443359,217.035645,360.565104,0.984156
67,31,16551,590.022461,49.205363,287.707682,481.733114,0.960561
68,31,12419,652.677083,847.925537,190.745443,181.960124,0.929532
69,32,3544,675.541829,828.186523,212.076497,211.010579,0.998472
70,32,6562,585.514974,231.871012,209.827148,339.419271,0.982065
71,32,16551,106.119120,704.112142,296.855326,500.544596,0.955591
72,32,12419,165.352030,277.293620,182.834493,179.569987,0.941008
73,38,3483,623.575439,714.195475,211.224772,274.027507,0.998938
74,38,20877,85.576213,723.654297,333.816732,243.078288,0.982910
75,38,35206,624.963053,159.297180,215.120117,398.458028,0.981488
76,38,31885,113.046183,26.770874,398.904785,506.148438,0.957563
77,40,3483,156.908244,211.564779,249.106445,228.466512,0.999045
78,40,19861,644.634440,277.572408,221.807129,171.717957,0.977327
79,40,29667,118.701172,839.317871,232.243327,227.218750,0.961758
80,40,31885,614.375977,608.939819,339.335775,561.791300,0.950515
81,41,3483,593.003092,871.860352,256.075846,233.251628,0.999229
82,41,19861,119.316101,863.954590,221.760234,169.724284,0.975111
83,41,29667,636.723551,204.819946,224.955241,216.236735,0.955241
84,41,31885,55.634054,89.891541,320.866842,545.710592,0.954661
85,42,3483,565.137939,838.799154,259.007650,236.719076,0.999389
86,42,19861,84.036845,824.481120,227.166361,177.992839,0.977329
87,42,29667,608.593587,198.670369,219.506348,216.353760,0.958369
88,42,31885,37.136068,66.511475,316.208496,545.243571,0.940497
89,44,3351,370.648112,152.686971,184.936849,189.836263,0.999983
90,44,13900,577.940186,672.402344,180.860026,265.487956,0.977905
91,44,29667,93.537292,723.121257,232.106913,232.602539,0.969542
92,44,3351,369.890055,154.178792,51.973389,187.037231,0.011583
93,46,2483,591.104329,71.137777,248.360677,476.426066,0.990863
94,46,12081,598.135417,705.943359,238.737467,455.477865,0.984227
95,46,3743,118.497213,785.006022,325.130717,322.224772,0.982830
96,46,23222,104.228760,116.882568,307.122803,494.534831,0.978428
97,47,2483,86.996094,661.706502,261.788656,480.082723,0.994572
98,47,3743,494.569824,166.778483,314.386556,300.467204,0.984506
99,47,12081,107.498840,105.388224,229.216003,435.046549,0.982940
100,47,23222,529.389974,591.182943,309.760417,501.223958,0.979897
101,53,6191,100.454875,116.812907,363.469238,475.508219,0.985368
102,53,5885,605.648275,683.072917,241.553711,508.438802,0.985366
103,53,2483,646.103353,100.285929,216.120768,470.625610,0.985321
104,53,25438,131.925741,852.514160,264.047689,269.422201,0.985249
105,54,2483,68.512533,661.664185,206.927816,486.501017,0.993713
106,54,6191,468.394084,641.666951,377.312134,488.785848,0.990463
107,54,5885,112.078003,83.004232,231.351969,480.399740,0.981943
108,54,25438,547.365723,175.849691,247.306315,254.213460,0.973432
109,55,3351,422.440430,845.274089,192.169596,193.765299,0.999332
110,55,20014,51.636210,279.871745,341.927755,323.710205,0.989719
111,55,16688,436.694173,162.126628,504.496419,466.056885,0.985991
112,55,18357,439.408040,167.880219,360.090820,320.075267,0.001256
113,56,3351,323.900391,188.958415,189.318685,194.093221,0.999877
114,56,20014,549.318848,617.655843,348.453125,346.194499,0.989811
115,56,16688,0.083171,554.026937,517.801432,512.619629,0.980523
116,56,3351,323.603027,190.512126,56.493978,191.060221,0.015552
117,58,3483,572.417480,833.883301,260.771484,235.634115,0.999065
118,58,34597,37.182800,45.058919,392.415507,473.346273,0.990217
119,58,35206,551.919434,91.277059,282.009440,368.721639,0.984089
120,58,19861,91.290120,825.246419,228.048096,178.021647,0.978308
121,60,3483,148.477966,218.202759,250.932922,224.346965,0.999268
122,60,34597,546.127604,691.433512,412.909831,488.655111,0.989653
123,60,35206,106.917318,774.227865,305.621582,389.390951,0.984695
124,60,19861,637.648926,277.264689,222.100586,171.183105,0.968474
125,62,3351,325.021403,153.293945,186.325846,192.467692,0.999965
126,62,18147,91.095072,548.588745,289.593892,420.123332,0.993328
127,62,36637,541.535319,649.336385,206.436523,254.698934,0.976854
128,62,3351,324.609294,154.961833,62.732747,188.407389,0.029223
129,64,3351,395.136556,885.451823,192.619873,195.104492,0.999739
130,64,20014,592.178060,264.828796,343.207520,321.319153,0.985601
131,64,29667,152.539510,276.530131,229.409424,225.514628,0.969218
132,65,3351,349.614095,151.628052,187.561849,191.343709,0.999800
133,65,20014,0.000000,630.003947,343.259766,347.166626,0.987897
134,65,29667,557.661784,727.394857,236.301107,234.484212,0.973857
135,65,4999,265.493164,152.947316,184.343587,192.988841,0.001327
136,66,3351,391.383870,208.788371,187.916016,187.172852,0.999958
137,66,20014,33.412720,715.606771,347.179688,340.998698,0.987403
138,66,29667,596.642741,820.444824,231.559896,223.384766,0.973093
139,66,4999,299.157878,211.729289,185.778564,193.139364,0.001008
140,68,3483,172.209859,276.762553,260.351908,216.823059,0.999313
141,68,30308,513.455892,768.411133,439.389160,371.336263,0.986174
142,68,27777,637.645833,292.509521,174.946615,196.447835,0.976668
143,68,16232,151.735229,826.792318,193.735026,193.819661,0.939282
144,70,29451,50.114034,229.210999,402.969869,235.009949,0.989245
145,70,1900,631.654785,899.837484,210.602214,155.894043,0.986720
146,70,24850,641.620280,256.907898,196.133138,269.604309,0.974481
147,70,16551,49.305908,706.937663,301.703044,504.809570,0.957485
148,72,1900,157.521688,225.627563,204.969564,149.217733,0.989585
149,72,29451,549.341227,838.394124,413.067057,232.227865,0.987196
150,72,24850,151.263631,774.690267,197.005859,281.242350,0.977070
151,72,16551,642.331543,44.737549,296.270182,488.731120,0.975198
152,73,3544,72.896484,199.412516,202.836589,200.779867,0.998714
153,73,6562,165.508280,669.747355,220.348979,366.949259,0.984851
154,73,12247,592.912923,848.573161,212.135742,128.368815,0.977571
155,73,16551,522.007812,71.446777,355.124349,425.020833,0.976391
156,75,3544,87.752299,209.498210,208.479472,202.558757,0.998900
157,75,6562,197.352580,712.041992,217.946370,360.679362,0.985266
158,75,16551,548.576986,82.340210,367.861816,435.726725,0.980009
159,75,12247,619.896322,879.215983,209.360026,125.897786,0.979362
160,79,3351,387.062500,844.169840,191.930664,192.627930,0.999843
161,79,19232,501.727702,236.892660,332.241536,256.948324,0.993342
162,79,16262,128.147298,297.190206,244.160482,236.260885,0.977880
163,79,3351,387.729329,843.654134,49.303874,192.287109,0.005291
164,80,3351,359.509115,193.017944,185.780599,190.799357,0.999973
165,80,19232,94.092936,697.385254,341.149658,266.922852,0.993881
166,80,16262,569.049154,694.144206,250.151693,245.724447,0.984229
167,80,3351,359.230062,193.523397,124.909505,188.547485,0.030174
168,82,19552,115.614014,141.437826,325.264242,502.051270,0.995285
169,82,22362,609.050130,735.658366,272.148600,421.545247,0.988372
170,82,2483,623.896077,100.172160,206.808431,471.406250,0.983390
171,82,3743,122.983256,837.307292,330.980123,334.874512,0.981126
172,83,2483,89.048421,657.923625,212.807210,495.488322,0.994504
173,83,22362,81.965983,116.488363,260.199219,392.692057,0.991640
174,83,19552,505.623372,595.045166,319.895182,491.442708,0.990063
175,83,3743,491.525920,129.306152,313.155558,300.345907,0.978220
176,85,21771,148.412374,849.294922,194.935201,191.107422,0.977090
177,85,1900,160.516602,256.046407,130.238444,203.195455,0.975988
178,85,29345,584.967122,678.274495,286.865234,448.041016,0.972616
179,85,16548,571.014811,251.683309,234.560221,226.350016,0.961233
180,86,1900,683.586100,806.658122,131.286621,208.571777,0.988935
181,86,29345,118.793152,153.154785,273.833476,417.600260,0.975774
182,86,21771,619.607910,250.128133,186.735026,181.830241,0.972536
183,86,16548,152.142822,769.594401,240.842204,236.798177,0.962763
184,88,1900,130.753560,230.276367,204.353048,137.883260,0.988863
185,88,31704,620.112956,732.465332,252.538086,448.369141,0.987600
186,88,18109,79.685404,801.250000,305.832174,288.965169,0.984769
187,88,16551,610.673991,47.409668,286.880371,485.184408,0.969741
188,89,1900,114.668538,224.446248,200.461507,138.733439,0.988950
189,89,31704,591.836995,693.066895,256.762370,457.702799,0.985607
190,89,18109,42.914836,757.706543,312.331380,299.126302,0.981244
191,89,16551,579.316243,42.107992,279.773763,468.934814,0.969804
192,90,31704,133.565145,126.349243,244.713298,423.846720,0.985569
193,90,1900,656.973470,904.335775,212.230794,146.440430,0.978708
194,90,18109,610.818034,219.483378,300.010417,283.782735,0.978093
195,90,16551,88.769206,704.846436,295.486654,502.370768,0.974881
196,91,27926,149.897054,142.983765,255.834961,458.820394,0.997166
197,91,1900,632.079102,892.643717,209.495931,135.714193,0.990289
198,91,19607,689.026693,299.004435,159.650228,149.582275,0.983658
199,91,16548,123.349670,864.275635,242.201843,239.561035,0.974711
200,95,3351,337.844320,180.942586,182.590007,189.398234,0.999964
201,95,32310,497.380493,718.113688,385.807332,240.966634,0.977085
202,95,29667,62.155396,741.650798,230.490356,235.019043,0.968334
203,95,3351,337.474772,180.565104,105.382975,187.207479,0.037142
204,97,1900,685.898031,804.373698,131.184896,209.728841,0.986513
205,97,19607,665.891764,250.995199,156.790365,152.893270,0.978869
206,97,29345,119.642497,168.715698,308.851562,400.915853,0.977784
207,97,16548,100.038595,820.973226,242.909322,240.543945,0.965108
208,100,1900,132.576925,243.731893,194.458964,162.003337,0.994609
209,100,18109,43.754476,747.015706,307.524577,299.437012,0.987292
210,100,33009,518.692424,790.803548,381.680949,212.190592,0.971100
211,100,16548,586.040039,131.248291,234.074056,226.466634,0.958173
212,102,18109,79.385864,793.800781,302.964437,289.615560,0.987389
213,102,1900,151.099447,253.446818,197.117594,163.169596,0.985422
214,102,16548,614.097656,135.348958,239.854004,228.808350,0.960818
215,102,33009,547.263997,835.976400,376.081706,202.327148,0.925422
216,104,3351,323.856689,202.568400,184.582031,190.786947,0.999976
217,104,18357,106.776510,607.206055,249.717631,373.715007,0.987253
218,104,21325,617.912028,759.784993,175.643717,230.554036,0.961771
219,104,3351,323.838094,202.333862,79.357178,189.500041,0.009777
220,108,2483,599.645671,82.761149,251.604492,474.015625,0.992874
221,108,25438,143.184611,843.112956,255.861898,255.581380,0.987756
222,108,22362,586.723633,741.945964,254.137044,411.475911,0.986919
223,108,12778,106.803487,50.258057,294.668437,519.281657,0.966469
224,109,3483,148.488363,218.147664,250.937174,224.745768,0.999275
225,109,25367,582.539062,716.200846,382.932292,498.350260,0.986292
226,109,35206,107.143555,774.811523,305.701660,391.204590,0.984164
227,109,19861,637.535482,277.087769,222.365560,171.755208,0.969941
228,110,3483,600.388509,866.643555,258.154948,233.131673,0.999222
229,110,25367,39.979818,46.046183,387.415120,485.366496,0.991187
230,110,35206,580.153646,97.501912,291.908854,376.979818,0.984549
231,110,19861,125.618571,864.263021,223.735596,169.771810,0.976834
232,112,3544,126.662679,235.753174,208.136556,201.276204,0.999336
233,112,10220,632.399577,200.162557,223.473958,215.405192,0.989242
234,112,33009,563.002279,811.228190,370.765951,208.766927,0.984239
235,112,16551,153.915365,587.654175,307.022135,471.257446,0.970137
236,113,3544,657.992350,832.571452,214.786133,213.932292,0.997636
237,113,33009,81.784261,268.681864,358.886393,221.648783,0.989456
238,113,10220,125.491536,843.135254,231.354248,228.858398,0.987468
239,113,16551,530.396891,230.435303,308.330404,457.403971,0.964967
240,114,3544,110.070801,225.495321,203.157715,201.093506,0.998890
241,114,33009,534.521973,765.243327,372.918132,224.741862,0.991140
242,114,10220,603.513672,192.413086,219.692383,216.352458,0.991041
243,114,16551,123.782918,536.690755,309.432780,479.746908,0.966228
244,115,3483,123.646769,307.163330,271.079671,203.083984,0.999156
245,115,25367,492.614258,642.605835,420.585938,467.470337,0.987766
246,115,27733,558.927409,253.920003,303.255534,265.610758,0.986781
247,115,36637,99.147380,882.699788,269.961344,178.967285,0.968370
248,118,3351,456.075846,843.973470,191.813314,194.694173,0.999766
249,118,16688,420.163249,80.622355,433.912435,521.204183,0.987551
250,118,13900,64.876139,311.152222,233.654460,214.286702,0.972007
251,118,27926,419.111206,78.724609,435.271769,521.501790,0.001043
252,119,3351,292.145426,189.693115,186.589111,193.604492,0.999969
253,119,16688,74.701823,573.444255,454.870280,582.642253,0.986050
254,119,13900,652.119792,708.186361,232.492839,219.379232,0.967498
255,119,3351,292.375488,191.019653,130.995280,190.809082,0.036936
256,120,3351,331.868083,252.223389,187.742106,188.692708,0.999987
257,120,16688,113.002441,675.365519,455.844401,583.147827,0.988440
258,120,13900,689.088298,797.919027,236.975098,216.361654,0.969289
259,120,3351,333.115519,253.681478,104.189860,186.365153,0.008481
260,122,3483,573.515299,809.156413,279.202799,196.504720,0.999056
261,122,25367,52.865560,87.435954,370.781250,479.038330,0.989300
262,122,25469,51.827983,786.303548,347.214498,301.315430,0.983381
263,122,29667,590.336182,169.341593,220.591309,216.589071,0.961745
264,124,1900,174.278178,279.489075,203.772929,140.659688,0.991041
265,124,21771,685.626790,882.207520,199.455404,195.235352,0.984944
266,124,16551,2.985758,764.234375,370.267741,459.621094,0.975510
267,124,21025,673.177897,271.718506,177.349284,175.761149,0.965196
268,125,1900,623.571452,888.890462,205.892253,140.259928,0.985154
269,125,16551,620.811686,35.521200,352.535482,442.646200,0.977988
270,125,21025,137.115377,867.624593,180.758809,178.620117,0.977855
271,125,21771,115.839355,202.248779,191.226807,185.775553,0.972042
272,126,1900,595.627441,857.548747,211.513997,144.411621,0.991609
273,126,21771,100.412598,195.674072,186.277425,183.040283,0.982169
274,126,21025,103.680196,833.893229,182.082011,180.898438,0.981341
275,126,16551,592.636393,28.312541,350.979818,432.027588,0.975411
276,127,5093,135.865295,857.812500,288.283549,288.090820,0.992503
277,127,2483,635.823079,119.848796,207.613770,469.388021,0.990582
278,127,22362,618.730632,780.414388,258.150391,427.035807,0.984582
279,127,6191,130.887533,156.476888,297.294027,533.370443,0.984161
280,128,5093,134.616740,846.464193,280.958984,276.452474,0.992978
281,128,22362,607.091146,779.897542,254.564453,409.120931,0.990933
282,128,6191,134.427714,135.619934,289.918966,523.306824,0.987605
283,128,2483,647.714762,79.567301,201.671549,488.097249,0.986671
284,129,2483,80.468465,642.043783,209.933472,492.965169,0.994232
285,129,5093,520.508911,150.714681,273.841512,264.877686,0.993691
286,129,22362,78.345378,71.834798,257.355957,396.795898,0.989150
287,129,6191,519.303548,544.232259,286.947103,525.374349,0.981641
288,130,3483,173.037964,276.345113,261.159098,217.027039,0.998978
289,130,27777,638.068685,292.470459,175.443034,197.227295,0.976723
290,130,30308,509.724162,765.957601,463.398071,313.770833,0.974580
291,130,36637,129.387451,826.903646,193.098470,258.293783,0.970337
292,132,3483,566.589193,812.235270,261.640951,219.713053,0.999461
293,132,30308,28.885803,176.495565,453.949402,313.496257,0.987296
294,132,36637,664.432373,179.204997,188.469727,249.357585,0.973089
295,132,27777,178.530070,812.924479,174.395264,199.611003,0.971527
296,134,3483,562.476807,808.111491,283.711589,179.803060,0.998489
297,134,35206,645.563965,141.167399,202.876953,403.213298,0.982358
298,134,27652,61.333455,810.657389,225.568197,210.938151,0.981776
299,134,31885,40.092957,5.768066,351.908997,523.866536,0.965604
300,135,3483,589.841960,842.058024,281.257161,175.783040,0.998634
301,135,27652,94.574422,851.807780,223.178060,207.135742,0.984584
302,135,35206,677.632324,148.821615,205.002279,413.481120,0.974611
303,135,31885,53.334696,21.004272,369.228861,530.209391,0.956283
304,136,33009,567.072266,215.632975,320.144206,289.730225,0.997292
305,136,1900,651.387533,849.552734,210.269857,161.644857,0.983329
306,136,16551,78.901774,654.025350,317.225505,486.595418,0.971858
307,136,44198,134.912231,242.260071,244.317220,236.143087,0.939452
308,139,3483,574.780762,809.623372,277.629557,195.476562,0.999269
309,139,35206,583.144857,109.824626,227.371582,394.806396,0.984400
310,139,25469,53.330343,786.619792,344.658183,302.063477,0.982484
311,139,31885,10.595378,46.381104,395.159424,505.864909,0.958119
312,140,3483,603.142090,843.837728,275.513509,191.916178,0.999024
313,140,25469,88.356364,828.860352,338.863525,301.696615,0.988052
314,140,35206,612.282959,119.380046,233.103516,401.781576,0.979527
315,140,31885,19.844808,67.263631,418.254395,509.430786,0.963032
316,142,21025,91.458944,831.322266,181.843547,180.928711,0.979550
317,142,44198,76.778442,176.520671,249.900146,225.255046,0.965606
318,142,16548,593.260091,155.896037,232.618164,225.588745,0.962978
319,142,1900,582.593913,867.987305,210.739258,141.256185,0.952549
320,143,21025,125.119222,865.427572,180.215169,178.498372,0.975250
321,143,16548,621.691650,161.847870,237.009115,226.329987,0.968536
322,143,1900,609.551676,901.607422,207.644206,135.791992,0.945665
323,143,44198,91.099019,184.948934,257.876648,228.929932,0.936160
324,146,3483,172.781779,275.722921,259.144694,217.449036,0.999288
325,146,27777,637.987549,292.527059,174.519694,196.359294,0.976407
326,146,31885,555.440999,672.735840,404.364095,527.784668,0.947172
327,146,16232,151.951009,826.454753,192.830241,193.537109,0.936019
328,148,3351,401.302572,848.877035,191.572428,193.767415,0.999960
329,148,19232,500.971598,235.844727,333.392253,258.566081,0.993618
330,148,20238,119.165344,298.880534,229.084981,221.574056,0.972624
331,148,20014,117.614543,297.620809,231.105387,221.517008,0.001039
332,149,3351,345.626383,187.990763,186.519938,192.053101,0.999987
333,149,19232,93.948039,697.601725,340.885498,266.666016,0.994224
334,149,20238,594.493164,710.782552,230.656413,229.039388,0.966459
335,149,3351,345.101318,189.673258,96.913086,190.227173,0.092726
336,150,3351,386.814616,250.540487,186.356283,183.725098,0.999988
337,150,19232,140.388672,801.214355,332.333822,263.294271,0.993293
338,150,20238,633.066081,800.981120,227.238932,223.499674,0.962741
339,150,3351,387.785360,249.155070,92.610514,183.529053,0.039554
340,151,29451,511.096517,243.349915,411.060710,222.938822,0.988288
341,151,1900,642.396566,842.618490,192.009603,193.367187,0.980555
342,151,33208,182.710449,264.974304,208.735189,199.492167,0.968022
343,151,16548,97.509928,819.047282,244.621175,238.220540,0.953056
344,152,1900,147.870219,241.567790,183.469055,180.115641,0.990357
345,152,29451,34.071737,799.947428,424.767008,228.985352,0.990231
346,152,33208,581.161621,810.759603,217.063802,204.713216,0.974902
347,152,16548,618.630046,204.758708,234.133138,225.402303,0.948338
348,153,29451,69.611735,841.807943,419.147624,220.288086,0.988922
349,153,1900,166.428487,247.387166,184.105937,182.992513,0.985453
350,153,33208,609.166829,841.886556,214.149577,203.202962,0.968029
351,153,16548,647.175293,211.443197,241.422363,229.415039,0.960709
352,154,5093,108.933268,804.358643,281.388672,277.812012,0.992041
353,154,2483,616.316895,53.084635,255.349284,467.265503,0.991200
354,154,23222,92.494832,137.438436,314.154134,489.034424,0.986555
355,154,5885,595.508138,684.260579,236.934245,490.429362,0.984633
356,155,2483,69.332845,688.940592,252.611816,475.281576,0.994088
357,155,5093,547.870117,184.946615,273.795247,270.095540,0.992522
358,155,5885,110.367839,80.199341,236.615641,479.053752,0.981334
359,155,23222,532.825033,574.550944,320.795898,498.628092,0.977174
360,156,2483,601.264323,81.134684,265.647135,463.901204,0.989663
361,156,5093,109.955383,817.747721,285.352885,282.120117,0.989592
362,156,5885,601.624837,686.084229,249.931966,505.295573,0.984764
363,156,23222,95.981425,172.440755,314.450704,485.201660,0.974527
364,157,3483,537.557943,779.085449,267.482096,224.260742,0.999333
365,157,25367,104.634847,78.030802,392.032227,462.475220,0.988668
366,157,16262,573.956217,186.140218,241.165690,230.407674,0.981286
367,157,27777,143.309855,776.028890,181.527100,206.407878,0.972759
368,159,3483,565.737956,815.265137,262.637044,218.378906,0.999225
369,159,25367,119.011943,93.915039,404.524272,470.569010,0.990686
370,159,16262,602.327230,192.864665,244.891927,232.514811,0.979599
371,159,27777,177.656189,813.800130,174.815247,199.750326,0.971491
372,160,3544,627.678711,886.918783,213.457194,213.583984,0.995893
373,160,23202,212.615885,315.038106,132.322347,138.241516,0.973130
374,160,4543,146.839355,912.608480,213.821777,214.888997,0.970465
375,160,16551,575.034993,265.509216,288.881510,467.203918,0.964408
376,162,3544,157.862854,178.711833,207.181661,200.968424,0.998674
377,162,23202,653.088542,852.723633,137.811849,137.061686,0.967373
378,162,16551,127.052348,534.345296,288.526998,481.949056,0.967026
379,162,4543,626.197754,144.377686,208.404460,203.663005,0.951185
380,163,3483,567.319010,812.442871,262.622070,218.978353,0.999390
381,163,27777,179.052775,814.017497,174.479574,199.148438,0.973751
382,163,28763,125.687276,173.350952,213.856262,202.352173,0.970498
383,163,16232,641.842611,250.268148,190.289388,183.090169,0.953804
384,164,3483,172.073710,276.797770,260.245789,215.857015,0.999211
385,164,27777,637.458008,292.463216,175.611328,196.329102,0.976061
386,164,28763,650.555176,890.598958,224.582031,215.210286,0.958843
387,164,16232,151.016927,826.361572,193.565430,194.014811,0.937892
388,165,3483,538.804850,777.824056,267.090007,222.070312,0.999406
389,165,27777,144.795532,776.252767,181.324219,204.834798,0.974132
390,165,28763,111.014506,168.285573,208.269023,197.790761,0.963834
391,165,16232,615.061361,238.757935,184.711589,184.385213,0.938485
392,170,5093,105.313721,811.487630,287.573893,286.129069,0.992456
393,170,2483,617.789551,75.312622,238.040039,462.890096,0.987762
394,170,12081,648.550781,692.804362,246.985352,469.509115,0.984355
395,170,6191,116.889018,163.861654,307.177877,516.203939,0.981200
396,172,3483,588.218669,842.069824,282.197754,176.327637,0.998459
397,172,25367,111.460103,57.672201,346.225606,511.598063,0.988233
398,172,27652,93.217611,850.855143,224.040446,207.871745,0.985716
399,172,29667,631.626465,179.989746,224.634603,216.100179,0.965896
400,173,3483,561.418620,808.110270,284.621419,180.177083,0.998403
401,173,25367,97.775635,47.786499,331.410400,496.498617,0.990359
402,173,27652,59.794718,809.359375,226.927327,211.942057,0.981780
403,173,29667,603.296712,177.522868,219.373372,213.304525,0.962735
404,174,3483,132.233561,288.256510,279.507894,174.912923,0.998979
405,174,25367,548.560547,682.223063,340.263021,522.896484,0.989969
406,174,27652,671.375977,254.665812,222.308268,201.979818,0.988045
407,174,29667,123.892639,864.453288,233.790710,228.669108,0.952910
408,175,3483,594.071777,871.284342,256.566732,232.628255,0.999439
409,175,30308,119.371541,93.948446,280.197103,477.226400,0.981257
410,175,19861,120.345296,864.261719,222.176025,169.493815,0.974666
411,175,29667,637.733073,203.667114,225.090169,215.358683,0.962266
412,176,3483,155.366089,212.331787,250.152344,228.153320,0.998820
413,176,30308,596.109131,676.538900,287.859863,485.736328,0.978318
414,176,19861,643.569173,277.609151,222.151204,171.371562,0.976757
415,176,29667,117.590332,840.717122,232.697184,227.136719,0.964633
416,179,3483,173.164734,273.995585,260.389465,217.157084,0.999220
417,179,22347,644.166178,832.550537,213.796875,207.822428,0.978156
418,179,20238,151.647542,850.949219,233.302734,225.905924,0.976531
419,179,27777,638.462240,291.238607,175.981120,197.004557,0.975734
420,180,3483,538.345296,779.550130,266.348796,224.567383,0.999408
421,180,20238,575.636882,190.728719,223.585938,213.840007,0.975794
422,180,27777,143.744059,776.681641,181.137777,206.131836,0.972625
423,180,22347,124.116089,228.481405,201.557292,195.331136,0.966606
424,183,3544,642.641520,877.180176,213.460612,213.091471,0.998573
425,183,10220,159.019165,261.922119,221.716064,211.874430,0.986275
426,183,6562,594.693848,239.283122,210.451172,340.919922,0.980001
427,183,16551,25.525716,694.734701,401.545247,415.829102,0.979458
428,185,3544,141.420308,172.757812,203.221537,199.660970,0.998786
429,185,23202,627.257975,821.730143,138.948568,138.639323,0.973771
430,185,16548,133.887288,737.217773,239.317220,235.769531,0.970110
431,185,4543,597.883870,144.245443,204.328451,200.698242,0.963529
432,186,3544,157.954427,179.104858,207.254639,201.582438,0.998549
433,186,23202,655.549886,853.476644,137.081868,136.969076,0.972057
434,186,16548,166.599609,780.875651,236.585938,228.719076,0.966572
435,186,4543,625.833008,144.086924,209.150879,203.695140,0.955522
436,189,5093,136.028544,858.019531,288.237000,287.756185,0.991471
437,189,2483,637.436523,120.736593,206.403809,469.553040,0.990417
438,189,22362,618.608561,780.563314,258.342773,426.998698,0.986567
439,189,12778,87.931234,135.763143,291.164714,525.167725,0.965237
440,191,3544,122.688965,182.644572,202.301514,199.744425,0.998210
441,191,10220,92.527445,788.410889,225.817525,221.031250,0.989607
442,191,4543,639.390462,151.677460,201.898112,200.161367,0.972241
443,191,16551,578.664388,567.150431,288.248698,490.210246,0.967469
444,196,2483,87.130656,658.376994,216.983317,495.982707,0.995175
445,196,22362,82.017090,116.754232,260.121419,392.650635,0.991407
446,196,3743,491.582560,128.976247,312.377889,300.625641,0.977663
447,196,12778,535.777669,519.357015,277.770508,517.590332,0.970223
448,197,22362,601.046875,733.329427,262.048828,405.658854,0.988899
449,197,2483,636.027832,59.660116,201.444661,489.325114,0.987539
450,197,3743,122.616536,826.437012,320.095296,323.305664,0.978530
451,197,12778,117.493022,174.670492,291.888977,518.879639,0.967145
452,198,22362,609.501465,735.651693,271.166016,422.022461,0.988665
453,198,2483,624.259766,97.930094,205.625326,473.071859,0.985128
454,198,3743,123.163961,837.325195,329.833028,334.850586,0.979749
455,198,12778,121.318461,204.061686,289.088359,519.885254,0.972879
456,199,3483,563.797607,814.145020,262.654297,219.280924,0.999360
457,199,30308,39.224284,116.965902,403.719320,402.585368,0.984228
458,199,27777,176.515889,811.555257,175.068014,199.839844,0.969741
459,199,29667,628.799154,162.383138,223.813639,217.731323,0.963503
460,200,3483,174.948771,275.490723,261.907878,217.077393,0.999065
461,200,30308,558.515137,735.237223,412.218750,407.701172,0.982267
462,200,27777,640.126953,293.997498,175.961263,196.848938,0.975146
463,200,29667,125.942301,881.145589,232.778320,227.069336,0.965953
464,202,3483,141.885742,287.998779,213.726074,257.375895,0.999318
465,202,20877,543.423665,292.874125,329.844076,238.693827,0.983876
466,202,22347,688.266764,866.363281,216.866048,209.038411,0.978539
467,202,16262,109.999654,835.962484,248.107605,242.098796,0.975943
468,203,3483,621.697510,718.933919,212.955729,271.048177,0.999443
469,203,20877,84.392253,725.065430,332.814860,241.905273,0.984699
470,203,16262,600.973714,185.993408,239.704590,230.383993,0.979177
471,203,22347,83.198730,197.276937,200.106730,195.396973,0.966680
472,204,3483,646.970540,751.611165,213.458984,266.107259,0.998911
473,204,20877,115.320374,768.953451,332.288432,232.184896,0.983770
474,204,16262,628.860840,192.387492,246.312663,233.278931,0.978444
475,204,22347,98.222392,204.234497,205.704610,197.875081,0.969801
476,205,3544,112.395264,162.692454,203.304118,200.881114,0.998023
477,205,6562,165.358114,672.128255,217.986003,365.322917,0.981389
478,205,16548,592.584880,120.256215,230.671875,226.422943,0.959639
479,205,23202,622.893392,846.512858,140.848633,142.044759,0.959248
480,210,3351,417.439941,243.420736,186.020508,184.505249,0.999948
481,210,31863,596.044189,876.051921,206.517253,205.351237,0.995533
482,210,29667,162.160075,750.234049,229.621908,223.666341,0.976376
483,210,3351,418.084147,242.203410,123.800781,184.048503,0.016816
484,212,16551,477.196615,139.471517,449.055827,352.715495,0.984728
485,212,1900,624.008382,888.369629,206.190104,140.047526,0.983235
486,212,21025,137.214783,867.320557,181.184224,178.542155,0.978125
487,212,18109,58.582601,125.397105,307.387533,287.610097,0.975724
488,213,1900,595.731934,856.534912,212.030924,144.754232,0.989471
489,213,18109,43.576172,116.257894,301.215576,285.384440,0.984780
490,213,21025,103.982402,833.669434,182.169617,180.606771,0.980912
491,213,16551,449.203695,126.566772,437.156738,345.655965,0.980645
492,214,27926,88.677083,609.535604,278.302572,489.636434,0.996649
493,214,1900,141.304016,239.128174,198.579122,129.430908,0.992695
494,214,33208,587.622070,799.019124,215.774902,207.474284,0.977361
495,214,16551,566.078939,53.393880,280.092448,468.411784,0.971301
496,215,27926,126.227865,660.932821,268.202311,480.088826,0.995352
497,215,1900,157.981262,249.746419,203.336772,125.913778,0.989918
498,215,33208,615.075602,832.734782,212.440104,204.915039,0.977887
499,215,16551,594.750977,61.610148,286.802409,482.309733,0.964333
500,217,2483,590.070150,71.720052,250.289388,476.089478,0.990695
501,217,12081,597.844482,706.107910,238.132812,455.582357,0.983427
502,217,3743,117.853923,785.083333,324.448812,321.559570,0.982961
503,217,6191,132.130452,126.162109,273.374430,530.178141,0.976728
504,219,2483,87.003011,661.628743,263.699707,479.850260,0.994896
505,219,3743,495.365438,167.256307,314.632121,299.975464,0.986515
506,219,12081,107.755778,105.956055,229.681315,433.593384,0.983894
507,219,6191,537.379395,544.784098,271.027344,534.997070,0.977643
508,222,3351,404.577311,202.588216,186.893880,186.641846,0.999985
509,222,41768,605.579915,742.651367,274.427409,300.751465,0.985352
510,222,16262,171.943726,767.219157,243.478190,239.424805,0.979529
511,222,3351,406.193441,202.952637,110.685710,185.277140,0.059471
512,224,3483,602.497396,843.442871,276.554362,192.137858,0.998713
513,224,34597,104.087484,79.092367,365.019124,487.911621,0.989611
514,224,25469,85.312215,827.692871,340.990560,300.490723,0.987903
515,224,29667,617.959635,173.079508,225.916992,216.720947,0.962393
516,225,3483,126.066569,272.740784,272.116699,189.966166,0.999020
517,225,34597,528.315918,663.532715,373.320964,509.119792,0.987984
518,225,25469,575.902181,189.687337,330.698242,282.614990,0.983122
519,225,29667,138.422933,870.317383,231.985677,228.929199,0.954375
520,226,3483,600.634766,867.696615,257.847331,231.736979,0.999412
521,226,20238,643.779134,189.379598,226.802083,216.426025,0.977885
522,226,19861,125.632528,865.561361,223.526449,168.581706,0.975252
523,226,22347,108.682312,228.798747,206.958150,198.720622,0.967426
524,229,2483,48.113444,678.371663,284.962646,462.679525,0.995265
525,229,5885,97.098226,64.851766,243.709635,482.066121,0.983209
526,229,23222,496.342529,658.373250,410.833333,449.710897,0.981672
527,229,3743,535.398763,151.995972,319.794922,303.959513,0.978397
528,231,2483,594.606527,115.457479,291.373210,441.590617,0.991777
529,231,5885,611.843424,694.149740,236.102539,517.865234,0.985942
530,231,23222,60.463949,137.099772,387.030599,439.826416,0.982015
531,231,3743,73.685303,813.270345,336.139974,329.815267,0.978426
532,232,3483,598.696777,797.742676,273.878906,206.375326,0.998639
533,232,27733,117.135763,775.934733,319.924947,266.750000,0.986500
534,232,22347,128.674215,233.256551,205.577657,197.754598,0.966234
535,232,29667,676.887126,188.472453,228.449056,216.373739,0.958351
536,234,3483,569.765625,767.509277,276.875326,206.419108,0.998647
537,234,27733,79.353353,729.086182,333.899170,271.036296,0.989594
538,234,22347,111.907064,223.506063,200.636963,194.134115,0.969280
539,234,29667,646.313477,184.145264,222.850586,214.659220,0.942296
540,236,3483,131.431315,288.471842,278.306315,174.172852,0.999006
541,236,27652,671.190430,254.270447,221.215495,201.516581,0.987360
542,236,35206,103.521342,688.104492,206.111145,417.564779,0.981589
543,236,28763,613.765625,834.720378,223.957357,213.288411,0.976762
544,237,3483,562.398600,808.182536,284.500651,179.641113,0.998882
545,237,35206,647.459473,144.459229,201.684896,397.364746,0.985134
546,237,27652,61.259684,811.166504,225.489705,210.488770,0.982181
547,237,28763,143.493123,222.614421,209.515137,199.858276,0.964513
548,238,3351,401.744873,832.613932,190.319336,193.581055,0.999937
549,238,18357,68.015686,255.501424,302.405457,304.620850,0.986878
550,238,16262,625.558757,240.407532,244.531901,234.686218,0.979158
551,238,3351,401.369263,832.905273,115.027913,190.439290,0.022732
552,241,3351,410.130778,910.517660,192.572266,196.340332,0.999892
553,241,18147,516.254395,256.728394,313.614095,382.905599,0.988292
554,241,20238,128.036784,325.058024,229.322754,221.880615,0.961309
555,241,20014,128.203878,324.930298,228.588684,221.563721,0.016889
556,243,3351,377.968831,183.102620,184.692952,187.153646,0.999961
557,243,18147,146.135701,647.550334,314.202637,407.143514,0.991067
558,243,20238,622.602376,768.726888,228.524414,226.452799,0.960660
559,243,3351,378.157023,183.838623,77.958496,183.438477,0.005593
560,244,3544,127.534485,169.646118,208.509298,201.608968,0.998418
561,244,6562,197.268514,714.067057,216.626872,360.043294,0.984383
562,244,23202,649.453451,879.782878,139.086589,136.315104,0.965071
563,244,16551,577.488932,7.591634,286.782878,477.900716,0.961658
564,247,22362,609.167887,735.327799,271.532715,423.071126,0.986776
565,247,2483,622.771159,98.348755,206.152995,472.535116,0.982398
566,247,3743,122.292582,837.405762,330.488261,334.535319,0.981545
567,247,6191,59.709778,131.169189,335.206889,507.636230,0.979676
568,248,22362,600.475098,733.983398,262.276042,406.727865,0.988330
569,248,2483,633.853841,59.289225,204.236654,489.922933,0.986759
570,248,3743,122.147685,826.619873,321.015808,322.972331,0.979004
571,248,6191,52.863810,104.937581,337.469482,502.344889,0.978397
572,249,2483,85.660319,658.837077,220.266764,494.669922,0.994776
573,249,22362,82.192810,116.974813,260.308736,392.251587,0.991667
574,249,6191,556.486979,592.147054,341.470052,501.789714,0.988627
575,249,3743,491.689779,129.114827,313.233561,300.351644,0.977064
576,250,3351,376.731527,847.007731,191.682617,194.774251,0.999943
577,250,18357,540.064128,228.757324,250.833822,357.106120,0.984735
578,250,29667,128.417399,203.650106,227.822428,227.288127,0.952987
579,251,3351,369.505208,176.705160,183.134277,191.642334,0.999981
580,251,18357,140.368327,592.921387,248.606445,377.845703,0.988638
581,251,29667,587.541504,796.009847,234.533529,231.972331,0.967443
582,251,3351,368.084961,177.774902,60.821777,188.517904,0.077425
583,252,3351,410.556234,235.995483,185.894206,187.440348,0.999984
584,252,18357,183.717529,684.809733,243.897786,382.881185,0.985984
585,252,29667,624.283691,885.360189,230.378581,226.131185,0.966305
586,252,3351,410.170654,236.513224,71.212728,185.203206,0.114920
587,253,3351,444.656860,847.176432,192.309285,194.313314,0.999948
588,253,33880,456.111979,253.785482,436.368327,290.287516,0.992576
589,253,35206,63.184692,258.784770,419.302246,219.131490,0.988573
590,253,16234,64.979757,262.147420,411.661438,213.466878,0.038146
591,256,2483,64.856852,665.709147,208.081950,487.532715,0.994237
592,256,19552,495.227498,655.074666,320.466512,504.594442,0.991666
593,256,5885,109.764689,88.039795,234.428630,476.892090,0.980356
594,256,25438,544.139648,179.432739,247.172852,253.199626,0.972553
595,259,3351,383.471761,893.606771,191.403320,194.299805,0.999596
596,259,41768,109.589396,281.634359,273.150879,289.254069,0.986975
597,259,20238,605.483805,278.115662,224.081380,222.209127,0.949310
598,259,3351,384.634521,895.093750,67.442952,190.449544,0.001662
599,262,3483,561.454102,808.015299,284.428060,179.969727,0.998515
600,262,34597,75.669210,28.783854,332.429342,502.090902,0.989501
601,262,27652,59.841309,809.563232,227.062581,211.602376,0.981953
602,262,29667,603.234863,177.026001,219.553060,214.053304,0.967529
603,264,3483,132.551514,287.989136,279.221354,175.351807,0.998803
604,264,27652,671.482422,254.638346,222.038574,201.876221,0.986906
605,264,34597,565.207194,679.565470,353.683919,517.941366,0.979450
606,264,29667,123.719971,864.468262,233.647542,228.178385,0.957632
607,265,3483,132.472738,288.786906,278.270020,174.423584,0.999050
608,265,27652,670.702148,254.524495,222.241862,201.601318,0.987793
609,265,25367,597.268066,664.021159,377.826660,497.513835,0.987323
610,265,16232,141.159485,845.628906,199.198100,193.670247,0.953271
611,266,3483,589.031413,842.738444,281.753255,175.080729,0.998612
612,266,25367,15.324443,103.406576,394.892110,481.316813,0.990940
613,266,27652,94.117757,851.936198,223.730794,206.942057,0.985435
614,266,16232,647.252604,229.997518,193.546224,183.789062,0.958284
615,271,3483,622.935221,716.365397,213.015625,272.093750,0.999341
616,271,35206,633.075033,161.605225,216.793294,396.608643,0.983952
617,271,20877,85.532715,724.939209,333.604085,241.256673,0.983784
618,271,22347,104.194295,187.509969,201.776042,194.947550,0.966367
619,273,3483,140.684896,289.574605,213.741618,257.361511,0.999330
620,273,20877,542.213542,293.516602,329.607747,237.952962,0.982739
621,273,35206,97.335022,672.373128,236.079122,410.727214,0.982333
622,273,22347,665.477051,875.364583,216.444987,209.944499,0.970986
623,274,3351,418.301921,887.974040,192.222249,194.373047,0.999704
624,274,20014,578.731934,258.012939,344.091146,317.529622,0.985898
625,274,21325,207.427653,325.244263,152.174805,232.001790,0.959818
626,274,21325,206.059326,324.533325,63.284749,231.843994,0.001153
627,275,3351,327.923096,147.615946,186.834473,192.192505,0.999920
628,275,20014,3.561849,643.280436,353.824951,345.499023,0.986730
629,275,21325,582.046305,664.273926,156.684245,244.119303,0.961044
630,275,4999,235.498047,150.724152,185.490885,192.946950,0.001406
631,277,3483,600.097168,867.375570,258.122884,232.317871,0.999354
632,277,30308,78.778931,93.621826,398.661621,408.350993,0.988123
633,277,19861,125.685872,864.667155,223.462565,169.130208,0.976282
634,277,36637,616.700195,198.605794,269.729818,151.932210,0.975662
635,278,3483,148.771057,218.541463,250.681986,223.424316,0.999379
636,278,30308,521.896647,750.623698,414.923177,409.369629,0.985035
637,278,36637,93.858846,907.319824,276.875651,164.533203,0.973492
638,278,19861,637.291829,277.481466,223.007161,170.838521,0.971063
639,280,3351,409.711182,865.706380,191.069010,195.098958,0.999971
640,280,3832,434.887858,274.674316,393.633464,353.803385,0.984702
641,280,16232,132.993083,289.472107,193.454590,196.481750,0.929964
642,280,3351,409.198405,867.515706,66.513346,193.110189,0.022309
643,286,3483,537.986979,778.965332,266.237956,224.993490,0.999383
644,286,30308,29.408203,113.860189,377.682292,410.934530,0.984083
645,286,16262,574.315104,186.523397,240.833984,229.580688,0.979464
646,286,27777,143.571737,776.364909,181.175944,205.692383,0.972762
647,287,3483,173.855876,274.065430,260.648926,217.085449,0.999129
648,287,30308,573.112630,703.936605,393.305339,423.785319,0.983183
649,287,16262,136.814657,836.164062,251.112061,242.258138,0.980070
650,287,27777,639.400228,291.780192,175.091471,197.549642,0.976702
651,288,3483,566.188314,815.273600,262.194661,218.860677,0.999278
652,288,30308,41.979207,130.891276,389.503337,421.033122,0.983750
653,288,16262,602.265381,193.026489,244.927083,232.222900,0.975417
654,288,27777,177.630066,814.057454,174.812968,199.266113,0.970451
655,289,2483,598.073568,84.287313,254.339030,472.220866,0.992357
656,289,25438,142.697388,843.282552,256.489095,255.583659,0.987708
657,289,22362,586.734375,742.441081,254.242839,411.135417,0.984261
658,289,6191,94.079569,49.193726,274.681661,533.131510,0.983831
659,291,2483,74.594462,653.300659,263.898458,476.387004,0.993648
660,291,22362,100.865885,105.909587,253.635254,396.356608,0.990782
661,291,6191,574.384928,612.407837,270.520182,540.529338,0.979294
662,291,25438,535.399414,173.452515,247.201986,254.339762,0.975800
663,292,2483,68.570841,661.297282,205.498454,486.403971,0.994196
664,292,5885,111.998820,82.950439,230.928060,480.148682,0.981758
665,292,12778,540.275960,592.381470,327.620117,507.071981,0.980720
666,292,25438,547.192301,176.511108,246.912760,253.317952,0.971625
667,295,3351,412.589762,863.440918,190.594238,192.943685,0.999937
668,295,20014,122.828410,190.952169,341.353760,317.342102,0.988803
669,295,16232,641.991211,295.623718,196.248372,193.006327,0.933873
670,295,3351,412.019857,862.276123,43.492839,193.615560,0.003582
671,298,1900,684.395671,877.857585,211.454753,133.589193,0.991687
672,298,31704,570.286296,177.593872,246.993815,419.293213,0.990162
673,298,16548,161.447388,775.635091,239.696452,236.489258,0.970745
674,298,33208,157.019206,234.426351,205.701904,196.290446,0.967608
675,299,1900,89.178019,259.148356,198.098918,128.861247,0.987098
676,299,31704,138.049764,643.161743,252.626709,452.084351,0.984509
677,299,16548,560.274902,244.527018,234.558919,228.112142,0.968735
678,299,33208,612.950602,846.315348,212.285319,205.860189,0.954806
679,302,3351,309.204102,159.319977,186.535807,190.209483,0.999969
680,302,19232,95.199768,634.335449,283.741882,326.173503,0.993103
681,302,36637,569.094401,710.838704,236.311523,230.342611,0.973176
682,302,4999,216.329264,161.970052,188.182129,189.504395,0.007782
683,304,4377,593.638672,703.668132,237.157227,468.237305,0.988640
684,304,2483,621.985270,72.472738,194.308594,470.231608,0.985005
685,304,3743,128.611165,812.841960,338.683919,330.763672,0.977871
686,304,22626,106.947021,135.029663,307.676758,497.661947,0.961246
687,308,3351,288.726400,203.860270,186.629232,191.832438,0.999956
688,308,41768,561.503418,600.888794,277.083171,303.187541,0.985828
689,308,36637,118.907857,710.673991,190.781596,262.959635,0.969553
690,308,4999,194.770020,208.811849,187.479818,190.004395,0.002016
691,310,3544,654.555176,890.409505,214.593424,214.653320,0.996362
692,310,12247,618.204427,320.262797,176.132161,185.872538,0.972133
693,310,4543,139.506592,865.254801,213.202311,213.762207,0.970482
694,310,16551,105.440674,147.256307,317.247396,449.920166,0.965105
695,313,3483,618.868652,721.583496,214.281250,270.881348,0.999290
696,313,34597,14.230469,21.524699,450.656413,412.811483,0.980664
697,313,20877,38.366760,754.408203,329.230815,254.094727,0.977696
698,313,29667,595.524984,181.488729,220.177246,216.133870,0.961339
699,315,3483,143.643473,286.002808,214.034831,257.977783,0.999052
700,315,34597,508.866374,782.790365,465.236491,425.446940,0.985700
701,315,20877,591.826497,257.047709,326.286784,247.499003,0.984158
702,315,29667,132.906738,858.966960,230.649821,227.083659,0.961361
703,316,3544,126.060323,235.170573,209.018372,201.729696,0.998902
704,316,10220,632.516927,199.513835,223.963216,215.774984,0.989605
705,316,33009,561.882487,812.121826,370.751302,208.925456,0.974970
706,316,16548,165.943848,791.041667,238.424967,229.750651,0.969937
707,317,3544,657.715658,832.200684,215.667643,213.545898,0.995251
708,317,33009,82.046061,268.445089,358.918376,219.135722,0.987959
709,317,10220,125.007833,843.166748,231.471659,228.680664,0.987634
710,317,16548,590.701172,283.009867,233.014323,224.179016,0.957369
711,320,3483,623.593262,715.131999,212.461589,272.996094,0.999198
712,320,35206,633.428955,161.199707,216.373210,396.591390,0.984304
713,320,20877,85.764811,724.948649,333.867106,240.977051,0.983589
714,320,28763,134.658630,195.065186,211.279114,200.150106,0.967298
715,323,3483,131.503316,289.019409,278.091980,172.952718,0.998933
716,323,27652,671.243978,253.780273,220.786784,201.454264,0.987867
717,323,22347,655.093750,875.365072,215.280599,209.208659,0.968401
718,323,36637,150.421468,801.306152,194.702637,255.020508,0.963957
719,324,3483,590.012858,842.955648,281.481120,174.522624,0.998773
720,324,27652,94.659526,852.455078,223.374654,206.686523,0.984454
721,324,22347,130.469035,194.248820,206.206706,196.734456,0.972781
722,324,36637,642.616862,207.419840,190.926107,248.111165,0.966371
723,325,3483,174.092712,273.693787,260.031392,218.094706,0.999058
724,325,16262,137.816833,835.298828,249.705709,242.540690,0.978054
725,325,27777,639.652181,291.851746,174.762695,196.971985,0.976514
726,325,31885,509.430054,702.024740,403.860311,528.737956,0.955029
727,327,3483,566.374837,815.296875,261.018555,218.276693,0.999342
728,327,16262,602.706868,192.202799,243.160156,233.635824,0.973160
729,327,27777,177.676188,814.076986,173.709310,199.323730,0.970753
730,327,31885,91.164958,27.604411,410.895508,511.517375,0.961729
731,328,3483,123.667725,306.427592,270.716634,203.914205,0.999276
732,328,27733,559.369629,254.190308,302.976237,265.410482,0.986212
733,328,36637,99.710205,882.226644,270.324056,179.470378,0.963219
734,328,31885,511.961995,643.791178,387.572754,534.970866,0.954170
735,332,3544,125.313253,142.456523,202.108541,198.837036,0.999137
736,332,4543,587.868978,167.193644,204.292969,199.316162,0.967049
737,332,16551,563.522624,537.311768,285.823893,491.300944,0.961431
738,332,12419,82.815430,823.189290,189.655802,183.810547,0.932788
739,334,3483,623.254069,715.885579,211.953776,271.923340,0.999283
740,334,20877,85.612040,725.101400,333.093119,241.716146,0.983443
741,334,22347,146.991821,223.205688,199.725098,194.760742,0.966165
742,334,16232,625.997803,220.911011,190.651042,183.721802,0.954470
743,335,3483,141.072896,289.696452,213.212260,256.218424,0.999440
744,335,20877,542.633382,293.923258,328.953776,237.369385,0.982631
745,335,22347,622.099609,838.770671,213.552409,207.666341,0.977070
746,335,16232,133.244283,845.753092,197.874207,193.074219,0.958448
747,336,3483,648.835286,749.838135,213.014648,265.405762,0.998806
748,336,20877,116.393046,769.267904,332.556498,231.609375,0.984444
749,336,22347,162.989665,231.693359,206.480387,199.007487,0.968788
750,336,16232,654.450521,230.462443,194.844076,181.256348,0.944631
751,337,3483,125.863057,273.202596,271.771952,187.551514,0.998898
752,337,25469,575.646729,187.038371,329.342611,282.838379,0.984311
753,337,22347,641.505941,835.427083,213.008464,207.115723,0.976254
754,337,36637,130.691874,828.000488,181.032247,265.503092,0.968377
755,338,3483,574.651449,810.676351,278.015788,193.018066,0.999274
756,338,25469,52.894043,789.169840,345.361328,299.189779,0.983206
757,338,36637,643.755534,169.675822,171.597005,249.213908,0.966568
758,338,22347,127.517761,224.846517,200.969055,195.476400,0.965961
759,339,3483,603.084961,844.492839,276.059245,191.258138,0.998663
760,339,25469,88.378092,829.911621,339.082601,300.733724,0.987991
761,339,36637,673.459635,172.538656,176.321452,253.952759,0.973812
762,339,22347,143.888977,234.588298,206.725444,198.505127,0.967203
763,340,3483,538.620605,779.104980,266.777018,224.564128,0.999329
764,340,34597,37.535400,81.390869,393.379395,472.040690,0.990972
765,340,20238,575.508789,190.072266,223.033203,215.786702,0.977393
766,340,27777,143.992147,776.223470,181.400065,206.735677,0.973680
767,341,3483,567.241130,815.768392,261.852051,218.880859,0.999162
768,341,34597,50.952311,112.703288,401.323486,466.151774,0.990485
769,341,20238,603.240560,195.972127,225.764648,215.931193,0.978305
770,341,27777,178.194092,813.938639,174.558350,199.931966,0.972742
771,344,3483,566.130941,815.191569,262.507975,218.785970,0.999241
772,344,16262,603.307699,194.004110,244.365234,231.224365,0.979919
773,344,27777,177.476888,815.080648,174.608073,198.972982,0.970748
774,344,28763,155.000753,192.809204,210.578105,201.973958,0.965454
775,345,3483,537.510905,779.728597,267.506999,223.221517,0.999380
776,345,16262,574.652507,186.136963,241.051758,229.649333,0.980133
777,345,27777,143.200806,776.628743,181.557943,206.025391,0.972248
778,345,28763,137.072673,184.198242,208.411865,201.694255,0.954430
779,346,3483,567.237630,812.674235,262.107096,219.272949,0.999310
780,346,25367,139.574443,49.709513,342.507345,505.686768,0.991753
781,346,27777,179.078552,813.099284,174.579407,199.879720,0.975298
782,346,16232,641.223145,249.515584,189.653971,184.842122,0.951614
783,347,3483,539.019857,777.791748,266.715007,222.343262,0.999396
784,347,25367,124.739665,37.218506,330.182699,495.595296,0.989087
785,347,27777,144.803060,775.622559,181.431803,205.879720,0.974643
786,347,16232,614.483887,238.040446,184.695475,186.304443,0.938192
787,349,3483,567.191488,811.724935,262.250814,219.825521,0.999466
788,349,34597,4.087891,130.768066,440.745443,425.606527,0.986662
789,349,35206,611.246419,140.479329,228.265299,402.756266,0.983625
790,349,27777,178.881368,813.083008,174.547180,199.589518,0.974060
791,352,19552,108.937012,176.481466,331.288005,486.457987,0.994775
792,352,5093,137.258993,858.001302,287.741536,287.722331,0.990990
793,352,2483,636.844401,121.048686,207.971029,468.229960,0.988283
794,352,22362,619.661540,779.481120,258.289714,427.602539,0.986483
795,355,2483,54.629232,696.274089,255.978923,484.434245,0.993336
796,355,5093,550.416992,188.545654,272.963867,270.311401,0.992720
797,355,12081,69.483236,126.574788,228.858480,432.542236,0.980561
798,355,23222,542.636393,590.786947,302.516602,506.978841,0.976581
799,356,5093,104.330241,798.628743,282.676676,280.087565,0.993898
800,356,2483,631.320801,35.794230,241.967773,477.291585,0.988714
801,356,12081,638.958333,687.450033,240.169271,453.360514,0.981978
802,356,23222,97.616781,113.052327,301.123779,497.594076,0.976196
803,359,3483,564.003662,814.575684,261.747070,217.724935,0.999370
804,359,27777,176.852458,811.420573,173.555664,199.886068,0.970523
805,359,31885,79.583964,44.379883,368.681335,531.784180,0.960412
806,359,29667,629.280436,162.561900,222.429036,217.354726,0.954990
807,361,3351,428.570882,880.178385,192.000814,193.874023,0.999546
808,361,18147,211.010498,163.608134,213.541829,422.893412,0.994352
809,361,16262,644.922282,287.178813,242.484863,236.213684,0.975982
810,361,3351,428.774984,881.312826,53.403971,189.934896,0.001543
811,364,3351,406.371582,853.303060,193.094238,196.498698,0.999226
812,364,35206,98.454753,251.138489,354.929769,329.646179,0.986625
813,364,32310,585.728678,162.491659,244.606771,347.966553,0.976553
814,372,3483,603.010417,843.275716,277.334310,192.030273,0.998852
815,372,34597,12.561930,141.433838,452.694987,415.240479,0.983634
816,372,25469,48.920532,858.314453,375.658366,217.084310,0.979257
817,372,16262,572.320964,194.870850,244.822754,232.417399,0.971463
818,374,3483,645.850586,752.986491,212.986979,268.889160,0.998210
819,374,25367,96.046794,30.262655,415.909180,472.094035,0.988349
820,374,20877,71.839294,798.044434,328.914530,244.198893,0.971054
821,374,29667,623.654622,185.255452,224.817708,217.159342,0.953945
822,379,3351,464.323893,857.306966,193.034993,194.452962,0.999447
823,379,31863,134.461507,313.621216,211.051188,209.212809,0.995486
824,379,16688,451.050618,157.327393,493.097331,470.025798,0.984172
825,379,3351,464.407064,856.545736,105.942627,192.101237,0.002917
826,380,3351,284.602702,177.487467,189.891276,193.118693,0.999883
827,380,31863,598.045898,713.666016,209.571289,216.135091,0.995170
828,380,16688,0.000000,554.133667,504.673665,520.328735,0.981892
829,380,3351,283.081380,177.742920,43.511068,191.035807,0.005204
830,382,2483,595.223470,113.764893,290.143555,442.857096,0.992353
831,382,5885,612.404622,694.560221,235.166016,516.437500,0.986465
832,382,3743,74.104472,813.656738,335.562520,329.545085,0.979183
833,382,12778,98.699137,130.458984,376.881999,455.173910,0.971951
834,384,2483,605.687500,79.527995,284.750488,454.294189,0.993460
835,384,5885,599.126953,696.100423,242.201497,495.564779,0.988524
836,384,3743,74.923604,801.083984,328.194641,320.431641,0.985231
837,384,12778,91.476644,92.146444,384.162516,458.505697,0.972430
838,387,3483,131.254883,288.585449,278.320719,174.350749,0.999194
839,387,27652,670.327393,253.612874,220.721354,202.173665,0.985160
840,387,20238,133.130005,867.871908,233.274658,228.605143,0.978167
841,387,31885,496.190430,653.710693,422.803548,514.465169,0.965933
842,389,3483,622.101156,717.550781,213.088379,271.491211,0.999229
843,389,34597,28.029785,123.433512,442.896403,426.251302,0.986750
844,389,20877,83.969869,723.948568,336.058126,243.214518,0.975725
845,389,16262,600.233236,184.751383,239.693359,230.774821,0.975464
846,390,3483,647.725260,749.912760,213.171061,266.849772,0.998496
847,390,34597,43.062256,154.664388,450.709310,420.427816,0.986956
848,390,20877,115.602661,768.147786,333.944580,232.177897,0.978071
849,390,16262,628.142008,191.154012,246.233236,233.657471,0.975948
850,392,1900,188.700928,274.598124,201.134684,135.592306,0.991701
851,392,33208,657.504801,898.492025,219.033366,212.716471,0.974756
852,392,21025,685.539958,274.405457,177.564128,174.335429,0.971347
853,392,16551,110.218363,699.761719,297.451640,502.775879,0.948479
854,393,1900,583.126302,868.543457,210.227865,140.630208,0.989441
855,393,21025,91.473674,830.805176,182.055623,181.869792,0.983956
856,393,33208,109.987061,158.947835,207.128906,197.879679,0.980986
857,393,16551,554.283366,47.179240,281.428385,469.349406,0.966621
858,394,3483,125.166911,272.614787,272.164388,189.228841,0.999253
859,394,25469,573.601237,231.055420,370.364909,220.380208,0.982213
860,394,20238,138.522970,849.683757,233.855286,227.214844,0.978772
861,394,28763,604.865316,856.292074,223.363118,213.468913,0.969912
862,395,3483,603.104736,843.771647,277.083659,192.073893,0.998963
863,395,25469,49.841410,858.900391,374.828756,217.115234,0.982298
864,395,20238,617.062826,195.758748,227.342773,216.914714,0.977114
865,395,28763,172.229858,208.000448,213.540609,203.415568,0.968753
866,396,3483,574.549642,808.704102,280.284831,195.499349,0.999332
867,396,25469,14.620158,812.216471,379.420573,222.762858,0.976559
868,396,20238,588.933838,190.232910,223.914714,214.552409,0.975756
869,396,28763,153.244120,199.728027,211.898458,200.340007,0.964209
870,400,1900,131.994548,244.726685,196.514648,156.874430,0.995579
871,400,33009,14.894694,775.400228,364.813314,238.199544,0.988308
872,400,33208,613.263672,770.896566,214.567708,205.583822,0.975979
873,400,16548,602.909424,124.130381,231.512044,226.191640,0.946671
874,401,33009,585.562337,242.130859,359.069010,236.935221,0.991627
875,401,1900,642.044027,857.794515,207.997721,169.020996,0.988872
876,401,33208,152.178385,294.179097,207.226807,197.922058,0.978932
877,401,16548,110.101339,898.863607,245.435201,241.452148,0.934249
878,404,3351,356.763346,142.946859,187.866618,192.291423,0.999958
879,404,18147,16.460978,585.686117,288.113444,421.702311,0.992764
880,404,35206,437.022176,697.197428,420.575155,240.922689,0.984215
881,409,1900,133.220174,242.686727,190.932292,165.986898,0.994307
882,409,10223,539.262533,127.622233,377.326823,284.460002,0.991191
883,409,33009,520.580729,790.411133,377.493978,212.685221,0.982854
884,409,16551,3.462748,729.901693,470.909159,324.034831,0.965643
885,411,33009,89.745524,256.322347,365.282715,210.948242,0.990227
886,411,10223,34.189697,822.720378,388.567871,309.726237,0.986282
887,411,1900,645.133545,851.590413,203.119792,180.004395,0.982045
888,411,16551,492.169678,202.173645,461.031901,308.227071,0.969534
889,412,19552,115.518351,194.404154,308.134440,495.030579,0.991586
890,412,5093,106.077677,811.525228,287.040527,285.937174,0.989252
891,412,2483,623.404867,73.774292,227.180176,464.922241,0.989242
892,412,12081,648.124023,693.174479,247.722168,468.990234,0.981537
893,413,19552,113.518392,162.026530,311.833333,495.815999,0.993521
894,413,5093,104.439779,799.192383,282.284993,279.459473,0.993114
895,413,2483,628.205729,36.867676,247.349284,474.773926,0.991007
896,413,12081,638.724202,687.225586,240.086426,453.920247,0.980172
897,414,2483,52.129395,697.017090,260.426432,482.323568,0.993420
898,414,5093,550.496582,189.166300,272.216797,269.565063,0.992882
899,414,19552,519.092773,549.469727,309.558105,497.779785,0.989541
900,414,12081,70.038249,126.910156,228.383748,432.090007,0.981136
901,415,3483,600.612630,867.368490,257.492025,231.410482,0.999384
902,415,19861,125.986226,864.920980,223.084167,168.904622,0.974908
903,415,16262,638.247884,176.620565,243.862956,232.955892,0.972660
904,415,31885,97.423828,90.307861,323.179362,546.534831,0.954964
905,416,3483,573.058757,834.603678,259.886719,234.597982,0.998986
906,416,19861,91.348328,825.486979,227.819316,177.326497,0.978623
907,416,16262,610.348063,172.954102,237.387858,229.973958,0.971569
908,416,31885,78.460286,64.200033,316.395671,548.408040,0.956092
909,417,3483,149.197815,218.325846,249.241557,224.341390,0.999505
910,417,16262,100.719828,850.476400,248.957174,242.953125,0.972838
911,417,19861,637.861491,277.114360,221.349935,171.210592,0.970592
912,417,31885,569.543376,609.926025,335.926758,559.458171,0.949079
913,419,3483,123.653524,306.255046,271.402669,205.237956,0.999291
914,419,25367,543.498861,733.565267,430.347656,445.587565,0.988566
915,419,27733,562.607259,260.226379,305.253581,266.887716,0.984177
916,419,20238,112.632100,854.464437,233.836731,227.594727,0.971102
917,420,3483,578.968424,756.977539,274.212077,213.745280,0.998863
918,420,25367,3.519613,69.164958,430.517497,424.238729,0.990628
919,420,27733,84.335531,722.580566,330.607503,283.225423,0.990311
920,420,20238,613.568685,185.742147,222.843587,214.917928,0.974482
921,422,3483,149.898621,217.324015,250.904439,224.683960,0.999045
922,422,34597,560.371501,698.297038,352.459635,515.287760,0.984529
923,422,36637,94.089762,906.163086,276.284668,165.735026,0.974710
924,422,19861,639.095866,277.661723,222.425130,171.116191,0.972012
925,423,3483,571.381592,836.152181,260.145996,233.855632,0.998981
926,423,34597,78.654378,14.611450,336.946940,497.525472,0.988288
927,423,36637,589.621257,194.691732,260.509928,154.178792,0.981546
928,423,19861,89.905843,824.989583,228.284749,177.757161,0.978066
929,429,3483,608.459391,790.037191,272.881022,207.868978,0.998057
930,429,34597,72.119385,153.723226,484.316081,353.759766,0.985537
931,429,27733,129.738770,775.036458,313.741048,277.818685,0.984980
932,429,29667,667.156250,179.340373,228.017253,215.570841,0.949390
933,430,3544,181.861003,199.145182,203.294108,199.313965,0.999274
934,430,33877,615.616048,791.980306,168.663737,221.572591,0.983837
935,430,16551,71.048991,612.487671,406.159587,408.780558,0.967729
936,430,4543,611.032552,154.174937,204.198893,200.732086,0.963886
937,431,3544,200.235758,206.470988,207.755046,202.250041,0.997993
938,431,33877,644.854492,829.471354,163.419271,215.411621,0.988374
939,431,16551,104.686198,664.952840,399.306722,397.985636,0.973206
940,431,4543,639.175212,154.631185,208.595703,202.382161,0.949649
941,432,3544,584.229085,859.047038,215.081868,212.323893,0.998228
942,432,33877,193.910726,256.200928,161.586995,216.209147,0.984558
943,432,16551,491.092082,227.958842,397.999064,387.211568,0.978048
944,432,4543,134.523438,903.365560,213.282064,213.837402,0.974663
945,433,3483,579.401042,757.550212,273.463216,212.345703,0.998149
946,433,27733,85.051005,722.652181,329.523621,281.308919,0.989043
947,433,30308,92.352539,105.132446,355.914388,424.016602,0.977889
948,433,16232,617.747884,178.374105,191.294271,182.701904,0.949481
949,434,3483,123.692912,306.454895,271.139648,204.328145,0.999150
950,434,27733,563.038574,260.168315,304.509603,265.918437,0.983891
951,434,30308,532.527669,696.027181,369.485514,443.816406,0.977387
952,434,16232,139.212056,890.868490,200.771179,194.908529,0.954596
953,435,3483,607.341390,791.882568,272.091797,207.775553,0.997680
954,435,30308,106.052572,120.322266,368.716878,437.372884,0.984914
955,435,27733,122.698324,769.016520,315.328044,275.631185,0.984874
956,435,16232,645.979818,184.485270,195.401042,180.941650,0.960723
957,436,3483,603.350586,842.630046,276.335449,192.935547,0.999049
958,436,25469,49.890605,858.490234,374.549500,217.409831,0.979490
959,436,20238,617.273926,194.912679,225.871745,218.226807,0.979142
960,436,31885,40.839152,133.685038,451.223226,483.653992,0.975324
961,443,2483,84.159993,673.153158,244.969564,472.867187,0.995655
962,443,22626,530.923828,680.517822,347.800781,483.695475,0.975859
963,443,4377,79.332926,103.597778,220.875163,436.138184,0.975020
964,443,25438,568.261068,186.859090,247.733561,253.638021,0.972431
965,444,4377,655.249186,700.023844,218.801921,481.099772,0.988256
966,444,2483,596.279948,105.460693,258.121745,456.187663,0.987431
967,444,25438,110.649394,842.179036,262.175802,268.415039,0.983922
968,444,22626,76.053487,60.781616,336.056783,495.378906,0.976598
969,449,3483,589.322917,842.441650,282.482585,175.075195,0.998742
970,449,34597,43.764730,128.435384,382.014567,479.828125,0.988506
971,449,27652,94.402140,851.215495,224.351888,207.653483,0.984028
972,449,16262,621.294922,180.954712,244.942383,232.739502,0.970870
973,452,29451,511.475749,243.177551,411.541667,223.446635,0.988931
974,452,1900,642.904134,843.180501,190.119141,192.178874,0.968016
975,452,16551,138.105143,636.342936,312.393229,490.196289,0.964932
976,452,44198,174.269775,233.198751,203.171712,263.126770,0.943970
977,454,2483,102.196248,700.444173,230.443766,489.808431,0.994921
978,454,5093,561.353841,195.694173,275.338867,268.244385,0.994679
979,454,5885,123.022990,81.798177,237.510254,480.137004,0.986429
980,454,6191,497.502238,590.556274,296.138387,527.624715,0.977054
981,455,5093,93.231608,795.321208,282.128499,275.315430,0.995228
982,455,5885,582.626221,682.267090,236.941406,491.326172,0.985605
983,455,2483,600.844564,23.704508,221.627279,485.122274,0.985334
984,455,6191,145.310588,94.041748,299.505615,516.438558,0.980461
985,456,5093,95.370890,805.480469,285.910075,284.514648,0.994076
986,456,2483,594.969401,59.731608,212.675130,475.329753,0.990325
987,456,5885,589.761719,682.167969,246.524577,506.575033,0.984630
988,456,6191,143.951131,126.304647,297.594808,517.467122,0.981825
989,457,5093,132.129150,833.376953,282.447673,276.668294,0.995085
990,457,13395,629.187174,677.737956,235.715820,495.460612,0.994738
991,457,6191,114.313090,161.064921,277.782857,527.421082,0.980826
992,457,2483,637.728841,61.604045,221.675130,488.133789,0.964900
993,458,5093,134.506388,843.491862,287.129801,286.968750,0.993655
994,458,13395,636.861328,677.143107,248.773438,515.759399,0.993368
995,458,2483,621.967367,98.847941,233.718587,472.739705,0.976611
996,458,6191,112.399333,181.192708,284.702799,540.339030,0.976351
997,459,2483,81.844279,659.987427,217.262126,488.714233,0.994333
998,459,5093,522.561035,161.179525,273.402669,267.504598,0.993318
999,459,13395,77.942037,82.445719,237.079447,487.577474,0.991972
1000,459,6191,550.350260,518.197957,270.562988,528.532186,0.982289
1001,460,2483,87.839294,658.106608,214.081523,494.819987,0.994749
1002,460,22362,81.961548,116.006470,260.610596,393.388143,0.991727
1003,460,23222,509.066895,583.232422,292.828613,509.901693,0.985891
1004,460,3743,491.379232,128.718018,313.322103,301.010986,0.977393
1005,462,22362,609.161621,735.940999,272.373861,421.875163,0.988621
1006,462,2483,624.258464,102.040771,207.204915,468.756022,0.981969
1007,462,3743,122.968099,837.327148,330.228760,334.472005,0.980937
1008,462,23222,137.394857,152.614502,291.094808,502.307210,0.980423
1009,463,3483,129.911784,288.965373,279.318604,173.867188,0.999277
1010,463,27652,668.779134,253.081584,221.264648,202.386800,0.985530
1011,463,20238,131.764974,868.880534,233.647868,228.124349,0.978818
1012,463,28763,621.932129,872.297933,222.756510,214.902181,0.961627
1013,464,3483,563.474202,807.787028,284.172852,179.745605,0.999026
1014,464,20238,594.706055,175.145223,221.513997,211.825480,0.983310
1015,464,27652,63.612508,812.044271,226.016764,210.399740,0.982312
1016,464,28763,137.179362,183.928548,209.778890,200.838135,0.938976
1017,465,3483,590.876302,842.211182,281.881185,175.182943,0.998877
1018,465,27652,96.386312,853.304688,223.622884,206.309896,0.984340
1019,465,20238,622.967692,177.557292,225.534505,215.652954,0.977517
1020,465,28763,154.370036,192.049886,213.107015,201.994507,0.961896
1021,468,2483,598.681152,120.151530,206.805990,464.853434,0.989497
1022,468,22362,603.581217,746.173503,267.348796,423.853841,0.986964
1023,468,25438,154.359355,871.642741,263.109395,269.031250,0.985825
1024,468,23222,111.595174,117.462402,308.082926,503.558512,0.978306
1025,469,3483,607.760417,790.379883,273.140625,209.007161,0.997452
1026,469,27733,123.172099,769.330404,315.738627,275.994303,0.989703
1027,469,28763,149.408712,221.569784,213.206685,200.300903,0.969767
1028,469,35206,599.722575,125.941325,260.060221,390.392497,0.964300
1029,472,3544,149.302063,190.567301,207.119975,200.916504,0.997628
1030,472,33877,629.494141,850.150879,226.664714,137.657064,0.984865
1031,472,6562,190.247152,708.507161,213.845052,358.423828,0.978746
1032,472,16548,626.635661,147.052338,237.114583,227.221751,0.966654
1033,474,3544,636.226074,875.122233,214.463704,214.434082,0.998449
1034,474,33877,149.063558,305.582357,223.419108,146.989909,0.990093
1035,474,6562,591.906982,237.838236,209.261068,337.628398,0.958119
1036,474,16548,118.013021,879.852620,241.756836,239.977539,0.951083
1037,475,19552,89.656942,135.980957,315.107747,499.991130,0.992957
1038,475,13395,599.709961,707.875488,237.115560,529.168945,0.989700
1039,475,25438,124.351807,822.775716,262.334798,269.458496,0.986268
1040,475,2483,594.131266,80.136800,209.863118,475.869222,0.976240
1041,477,13395,589.754069,713.941325,240.052572,501.759603,0.992041
1042,477,19552,88.284180,106.135335,317.232015,495.004232,0.991657
1043,477,25438,123.600240,810.234863,255.115743,258.783203,0.988092
1044,477,2483,600.658447,41.854940,218.176921,489.824056,0.973110
1045,479,3483,537.319010,777.357666,267.030599,224.136230,0.999393
1046,479,25367,64.543742,77.824951,371.590739,475.607178,0.989105
1047,479,27777,144.386841,775.378581,181.507324,205.907715,0.974716
1048,479,36637,635.024251,176.830322,183.138346,244.455892,0.964584
1049,481,5093,134.711100,843.196208,286.593587,287.363444,0.993345
1050,481,13395,636.957520,677.075073,248.480794,515.038696,0.993007
1051,481,2483,623.546549,103.189209,232.526693,467.533122,0.977281
1052,481,22626,77.458252,99.179810,308.017253,506.947021,0.969975
1053,482,2483,81.508972,659.492432,217.000142,490.326986,0.994184
1054,482,5093,522.704264,161.266317,273.178060,268.225667,0.993388
1055,482,13395,77.483114,82.136271,237.595866,487.985758,0.991816
1056,482,22626,554.494303,635.116211,313.274414,492.521973,0.970363
1057,484,3351,418.522624,892.101237,195.093750,196.060547,0.999866
1058,484,32310,25.358927,324.783386,297.666992,327.401347,0.979130
1059,484,16688,478.661621,119.603170,420.210286,531.267598,0.978482
1060,484,3351,419.341309,893.426270,134.723551,193.162435,0.002829
1061,485,3351,327.097900,143.299174,188.600667,194.076172,0.999979
1062,485,16688,37.383667,516.314941,442.841390,596.913249,0.985228
1063,485,32310,627.643066,531.239258,291.841471,345.697103,0.980912
1064,485,3351,325.579427,144.801880,49.686523,192.393473,0.005208
1065,486,3351,367.587402,202.957601,188.281901,186.655884,0.999981
1066,486,16688,75.252035,618.470662,430.721191,595.240926,0.988924
1067,486,32310,666.268392,629.914836,291.041992,348.464884,0.976945
1068,486,3351,367.169596,202.397868,58.690592,185.626668,0.019226
1069,487,3483,607.512533,791.660156,271.915365,208.375000,0.997780
1070,487,27733,122.602153,768.533447,315.185364,276.320638,0.985680
1071,487,31885,94.427653,49.289958,415.446615,508.847982,0.967121
1072,487,16232,646.316243,183.959025,194.424805,181.461466,0.953060
1073,493,1900,185.565104,289.602966,201.517904,156.690084,0.991877
1074,493,19607,683.606201,900.794108,166.051107,161.126628,0.983203
1075,493,16548,125.071981,885.138021,242.869873,240.279297,0.965970
1076,493,21025,685.728190,274.101481,176.984375,173.663656,0.963921
1077,494,1900,588.301758,828.164876,206.100260,162.944010,0.988684
1078,494,19607,135.010661,213.044922,154.322754,150.497803,0.982935
1079,494,21025,91.824788,831.177490,180.790446,180.780599,0.978495
1080,494,16548,591.880452,138.466878,232.067546,224.872721,0.958105
1081,496,3351,394.019450,869.815348,189.634440,194.759277,0.999839
1082,496,3832,497.874593,177.658203,376.982747,370.155843,0.988661
1083,496,36637,164.010620,290.558736,192.293620,255.180522,0.980564
1084,497,3351,354.588623,159.061971,181.611654,186.282023,0.999976
1085,497,3832,54.293294,652.385254,386.238363,379.033691,0.990234
1086,497,36637,589.177083,668.853271,193.789714,259.313639,0.976861
1087,497,3351,354.972900,157.994507,121.790527,185.645101,0.005055
1088,499,3483,124.878682,272.950745,272.931783,189.788757,0.999060
1089,499,25367,528.499390,724.553385,431.655884,464.737305,0.986481
1090,499,25469,573.375651,231.029948,371.542480,222.209635,0.981534
1091,499,16262,167.209106,833.427572,252.552653,244.158529,0.978640
1092,500,3483,574.504883,808.585286,279.864583,196.862956,0.999212
1093,500,25367,34.796733,60.731689,414.137512,439.004395,0.991826
1094,500,16262,545.408447,187.130168,240.729818,230.649577,0.975744
1095,500,25469,14.526550,811.068359,379.583557,224.415039,0.974283
1096,501,3483,603.153727,842.776530,276.938802,192.770833,0.999022
1097,501,25367,45.436625,74.937459,431.355937,448.898560,0.988076
1098,501,25469,50.336426,857.435384,375.004964,219.182292,0.978613
1099,501,16262,572.753092,194.748820,245.354004,232.562988,0.976728
1100,502,3483,124.726054,273.052612,272.571472,189.146484,0.999312
1101,502,30308,548.865234,731.568685,413.482422,411.878906,0.986145
1102,502,25469,573.318197,231.638672,371.165365,221.183268,0.982443
1103,502,20238,139.745544,849.501465,233.330872,228.112305,0.979950
1104,503,3483,574.866862,808.962484,279.369629,195.804688,0.999338
1105,503,30308,37.906331,101.871012,390.738444,396.652913,0.983779
1106,503,25469,14.758545,810.631999,378.608805,224.572917,0.976122
1107,503,20238,588.439372,190.794434,223.760579,215.034912,0.975432
1108,506,3351,351.113200,138.847473,186.090169,190.589518,0.999986
1109,506,31863,82.561361,699.011068,208.964762,212.776693,0.996395
1110,506,38162,533.459635,631.668457,197.640951,302.998535,0.985144
1111,506,4999,256.690470,143.562592,189.434082,188.510406,0.001816
1112,507,3351,392.093587,196.618490,187.447428,184.659424,0.999983
1113,507,31863,124.695719,785.107096,205.915446,205.411947,0.996088
1114,507,38162,573.410889,728.411133,194.495280,293.113607,0.980468
1115,507,3351,392.209269,196.806315,44.599040,183.856445,0.003465
1116,508,3351,418.305908,868.836344,191.590576,195.606771,0.999912
1117,508,22074,165.774597,260.372884,189.440084,189.997152,0.991213
1118,508,18147,538.711751,235.555969,342.939290,358.820007,0.990273
1119,508,4999,165.472331,260.701416,190.581706,191.031738,0.001129
1120,509,3351,328.111613,165.369293,188.020589,192.095388,0.999974
1121,509,22074,589.166667,779.224284,188.534180,193.831706,0.992967
1122,509,18147,47.866720,603.839925,348.811178,383.842448,0.985097
1123,509,3351,327.187988,167.221110,47.627604,191.133179,0.002101
1124,511,3483,149.890645,217.439982,252.046855,224.304565,0.999105
1125,511,25367,575.314941,742.986654,390.659831,496.315918,0.988628
1126,511,36637,93.698568,906.324870,276.460693,166.133789,0.975020
1127,511,19861,639.388509,277.453145,222.810547,171.624329,0.972669
1128,515,3483,567.357422,811.482259,261.950195,219.054036,0.999302
1129,515,30308,91.297648,184.403076,426.706624,368.237712,0.984704
1130,515,35206,610.645345,141.725342,228.626465,401.949300,0.983658
1131,515,27777,179.122945,813.084229,174.239278,199.438477,0.975082
1132,516,3483,172.136312,276.550008,260.307536,216.535319,0.999145
1133,516,30308,480.494141,702.437256,434.105632,370.145182,0.985767
1134,516,35206,138.315796,707.616211,243.456055,409.492513,0.981029
1135,516,27777,637.518229,292.715942,175.742676,196.705404,0.976917
1136,517,3483,590.116862,842.189616,280.868815,176.106934,0.998657
1137,517,27652,94.810384,851.889567,222.906169,207.215820,0.984840
1138,517,36637,642.709147,206.359172,189.361654,249.014038,0.967317
1139,517,31885,27.056478,18.687337,381.750163,522.189128,0.965413
1140,518,3483,562.456868,808.163086,283.631673,180.100586,0.998586
1141,518,27652,61.561564,811.122965,225.810099,210.797038,0.982020
1142,518,36637,614.919759,202.103923,185.694661,244.323405,0.961475
1143,518,31885,15.323324,5.012451,364.615641,515.818441,0.955703
1144,519,3483,132.001302,288.679565,277.704508,173.707926,0.998935
1145,519,27652,671.302816,253.914571,220.414714,201.624980,0.988300
1146,519,36637,150.860697,801.221842,194.028137,254.594076,0.964135
1147,519,31885,595.824707,698.306559,376.784505,539.545085,0.955390
1148,520,3483,174.565694,275.180562,261.637512,216.986348,0.998945
1149,520,27777,639.779460,293.308533,175.496094,197.023905,0.975079
1150,520,29667,125.530457,881.541748,233.257629,227.367513,0.968312
1151,520,28763,614.476237,905.650391,224.001628,214.448079,0.933203
1152,521,3483,535.864909,778.330241,267.528158,223.268229,0.999273
1153,521,27777,142.365763,775.515869,182.019938,204.728516,0.973623
1154,521,28763,146.556234,154.425496,208.983805,199.385783,0.972630
1155,521,29667,600.029297,161.103099,219.334961,214.139821,0.967939
1156,522,3483,564.097982,814.528564,262.898438,216.513021,0.999291
1157,522,28763,162.469035,158.702148,213.801595,203.032308,0.973436
1158,522,27777,176.718547,812.572428,175.168701,199.158854,0.969949
1159,522,29667,628.741048,162.736857,224.149740,217.120321,0.967226
1160,525,3483,123.712240,305.806274,270.684163,203.880208,0.999229
1161,525,27733,563.018392,259.262777,304.404297,266.433675,0.984231
1162,525,16232,138.975667,891.033285,200.054850,195.139648,0.955141
1163,525,28763,635.190592,864.757161,222.776693,213.901204,0.933399
1164,526,3483,148.413411,218.004110,250.874512,224.837606,0.999457
1165,526,30308,549.949137,710.013346,317.638672,474.248047,0.981346
1166,526,16262,99.640361,850.525798,251.146016,243.204590,0.974868
1167,526,19861,637.255208,277.359945,222.681315,171.107829,0.971824
1168,527,3483,600.469889,867.072591,257.472656,231.986003,0.999397
1169,527,30308,141.088969,73.278768,309.860657,466.315511,0.986425
1170,527,16262,638.397217,177.060099,244.252767,232.261637,0.978812
1171,527,19861,125.909770,865.159668,223.421366,168.554362,0.976986
1172,528,3483,572.901367,835.075846,260.043620,234.877930,0.999188
1173,528,30308,125.158813,60.389160,299.267171,452.520589,0.980163
1174,528,19861,91.288940,825.346191,228.058675,177.675130,0.978325
1175,528,16262,610.446615,173.404419,237.625651,229.050130,0.976753
1176,529,3483,603.660807,843.696533,276.694010,191.857096,0.999101
1177,529,25469,50.121989,859.044596,374.069010,217.167643,0.982804
1178,529,20238,617.282308,195.669393,226.790853,216.811442,0.977177
1179,529,22347,105.798258,240.633016,207.266602,197.856730,0.967897
1180,530,3483,124.675680,273.200704,272.508809,188.681295,0.999252
1181,530,25469,573.590332,231.356262,370.620443,221.082703,0.982831
1182,530,20238,138.267680,849.676432,233.841939,227.441081,0.978854
1183,530,22347,680.311361,830.619303,214.086263,208.143555,0.973523
1184,531,3483,574.997233,809.326009,279.813802,194.901855,0.999354
1185,531,25469,14.841553,812.313965,378.832682,222.966797,0.976865
1186,531,20238,589.359945,190.447144,223.211263,214.322835,0.974610
1187,531,22347,89.610006,229.666667,201.485860,196.327962,0.974291
1188,532,19552,119.885498,111.952067,380.156413,430.501221,0.995630
1189,532,2483,595.351237,112.392944,290.176107,444.100464,0.991877
1190,532,5885,612.302083,694.701172,235.274414,517.406087,0.986546
1191,532,3743,73.966634,813.621908,335.908040,329.675130,0.979733
1192,533,2483,605.348958,79.823120,284.628581,453.899699,0.993188
1193,533,19552,115.556966,76.119588,386.112549,429.761515,0.993101
1194,533,5885,599.262858,696.206543,242.575846,495.875326,0.988911
1195,533,3743,75.194661,801.121989,327.700277,320.718913,0.986690
1196,534,2483,48.691081,678.741862,284.630290,462.939128,0.995366
1197,534,19552,444.340861,697.641113,399.730428,436.573893,0.995121
1198,534,5885,97.117594,65.384277,243.512939,481.221436,0.983473
1199,534,3743,535.905599,152.335612,319.171712,303.611491,0.979065
1200,535,3483,602.926270,844.066569,275.870768,191.259440,0.998888
1201,535,25469,88.299642,829.205078,339.209880,300.804036,0.987804
1202,535,36637,672.857015,172.565511,175.994629,254.338704,0.973857
1203,535,31885,80.823242,142.065837,416.133138,508.080160,0.964781
1204,536,3483,574.539225,810.005208,277.918294,194.747721,0.999228
1205,536,25469,52.308268,787.224121,345.395996,300.670247,0.983246
1206,536,31885,67.103068,115.073608,399.843994,506.007243,0.967307
1207,536,36637,643.668783,170.053426,170.677897,249.924520,0.965254
1208,537,3483,126.811096,273.213277,271.071147,188.569194,0.998882
1209,537,25469,575.271240,187.698242,330.085124,282.835612,0.984662
1210,537,36637,131.308940,828.183594,180.347473,265.007812,0.968378
1211,537,31885,513.281657,593.886882,408.122070,518.095866,0.960759
1212,539,3351,320.432536,131.067546,187.229980,191.667725,0.999845
1213,539,20014,10.284465,665.988118,353.163900,345.949544,0.987625
1214,539,38162,593.162598,706.027507,199.666016,308.873372,0.982595
1215,539,3351,320.995972,131.481750,102.367757,189.394124,0.032805
1216,540,3351,361.351400,188.037516,187.009521,186.581055,0.999967
1217,540,20014,53.626912,751.812174,347.317871,340.469564,0.987275
1218,540,38162,631.078125,803.414388,196.119792,299.037109,0.980323
1219,540,3351,362.766113,188.645589,129.677409,184.726196,0.029293
1220,541,3483,149.399740,218.297445,248.889079,224.166260,0.999473
1221,541,19861,638.188639,277.252747,221.050781,170.934916,0.969192
1222,541,31885,586.055827,648.834025,332.717773,560.797160,0.950064
1223,541,16232,144.058512,898.614095,197.092367,194.410482,0.943720
1224,542,3483,573.154460,834.600586,259.137044,234.605794,0.999065
1225,542,19861,91.401510,825.538574,227.598002,176.995443,0.979124
1226,542,31885,69.781372,30.168538,310.281087,545.174438,0.951822
1227,542,16232,616.138997,172.375529,186.734049,182.506429,0.938986
1228,543,3483,600.928223,867.911621,256.822591,230.672201,0.999447
1229,543,19861,126.068441,865.317464,222.618815,168.375488,0.974351
1230,543,31885,84.994792,52.597127,321.552734,542.780233,0.954025
1231,543,16232,644.830729,175.140177,191.130859,187.568604,0.947124
1232,545,3483,175.464600,275.265401,261.378174,216.670390,0.999003
1233,545,22347,662.461589,862.095540,215.856120,208.478841,0.974961
1234,545,27777,640.184896,293.700745,176.125163,196.687683,0.974959
1235,545,29667,125.887614,881.489421,232.569336,227.028971,0.967042
1236,546,3483,535.312012,779.139242,267.250977,222.927409,0.999276
1237,546,27777,141.819641,774.749512,182.122904,204.644206,0.974118
1238,546,29667,600.035400,161.074626,219.468750,214.541585,0.971730
1239,546,22347,106.758301,200.640259,201.663005,195.134928,0.966408
1240,547,3483,647.683594,751.163411,213.507324,265.790039,0.998524
1241,547,20877,115.674276,769.635579,332.013753,231.258301,0.983719
1242,547,36637,631.499349,210.952799,185.419922,249.266154,0.971082
1243,547,22347,121.349772,242.753011,206.737223,196.850911,0.969722
1244,548,3483,141.198975,288.551086,213.201497,256.979513,0.998822
1245,548,20877,543.283040,293.506978,329.242188,237.289408,0.982697
1246,548,22347,665.012207,828.335856,212.706706,208.369954,0.972838
1247,548,36637,166.041911,796.564290,189.433919,258.200521,0.967794
1248,551,3483,129.936788,288.905233,278.797343,174.566081,0.999152
1249,551,27652,669.587240,253.655762,220.795573,202.099040,0.985712
1250,551,30308,540.648112,686.886393,395.173828,430.897135,0.981746
1251,551,20238,132.464945,868.881022,233.708313,228.219401,0.977707
1252,552,3483,591.175456,842.132650,281.722168,175.472656,0.998716
1253,552,27652,96.101807,853.019857,224.413249,206.560384,0.984259
1254,552,30308,77.686361,142.479736,383.477458,426.128174,0.983915
1255,552,20238,622.081217,177.388102,226.048828,216.291870,0.978186
1256,553,3483,574.992025,808.434570,279.963542,195.277344,0.999215
1257,553,34597,11.630046,70.676880,420.943278,450.717367,0.989493
1258,553,25469,14.223796,810.653239,380.056071,224.131999,0.976146
1259,553,16232,601.555583,212.995158,186.288574,182.817627,0.938978
1260,555,3483,603.433757,842.968587,276.542318,192.197266,0.998926
1261,555,34597,21.607239,99.227336,429.966654,446.093058,0.988457
1262,555,25469,48.832113,859.027588,375.466634,216.076497,0.980757
1263,555,16232,629.385579,219.440837,190.107422,188.218547,0.942068
1264,560,3483,600.307780,866.656413,258.083984,232.183105,0.999425
1265,560,35206,581.291178,97.850423,290.479167,376.102865,0.983782
1266,560,30308,111.912557,73.228963,280.389160,476.045369,0.981798
1267,560,19861,125.910258,864.718099,223.240865,168.913900,0.975850
1268,564,1900,150.962809,253.244100,197.859294,163.777100,0.988248
1269,564,21771,160.410258,804.737793,191.021139,187.424805,0.976374
1270,564,16551,591.808187,107.424316,292.036133,479.224854,0.964497
1271,564,33009,547.364583,835.049479,377.304036,202.576172,0.948534
1272,565,5093,105.963949,810.723633,287.604004,286.629069,0.990178
1273,565,2483,621.919027,74.101766,229.375163,463.822144,0.989275
1274,565,12081,648.598226,692.961751,247.197428,468.965495,0.980101
1275,565,12778,27.996562,167.949259,405.189148,424.957438,0.975523
1276,569,2483,87.099955,661.255778,261.797994,479.877604,0.994764
1277,569,3743,495.539185,167.283244,314.159220,300.079753,0.986458
1278,569,12081,107.869263,105.824626,229.221924,434.270182,0.982686
1279,569,12778,539.829753,574.875366,292.421549,519.495728,0.974937
1280,571,1900,582.623861,868.653971,209.380859,140.066081,0.991589
1281,571,21025,90.632161,830.239909,181.856934,181.424479,0.984019
1282,571,24850,117.909526,135.155467,186.293274,285.037120,0.981042
1283,571,16551,535.998047,54.275716,306.637370,456.137614,0.972060
1284,572,1900,189.347412,275.097331,200.792806,135.489990,0.992928
1285,572,24850,671.898193,827.368408,189.945801,307.097656,0.980866
1286,572,21025,686.146159,275.425903,177.158691,174.092611,0.974629
1287,572,16551,101.100667,711.662923,328.635173,483.050130,0.958444
1288,573,1900,608.745931,900.979899,207.697591,135.884603,0.986806
1289,573,24850,134.695597,140.903453,190.126302,294.659414,0.986631
1290,573,21025,124.322449,864.656901,180.314596,177.962240,0.977395
1291,573,16551,565.246094,63.298584,313.318685,466.563802,0.974350
1292,574,13395,625.849121,677.663249,232.233398,495.944987,0.994051
1293,574,3743,116.224365,825.144043,322.503255,325.781250,0.985765
1294,574,2483,673.909017,76.528809,206.466146,489.913818,0.977472
1295,574,22626,94.844645,175.764160,309.116536,482.882080,0.965548
1296,575,2483,58.609049,642.398153,208.815104,492.514282,0.993564
1297,575,13395,81.637126,82.177409,235.685384,487.777018,0.992023
1298,575,3743,497.266927,126.527415,313.930501,303.172129,0.982683
1299,575,22626,534.409017,547.437826,311.101725,486.357585,0.968287
1300,576,13395,634.123861,675.742106,244.330729,518.126953,0.992415
1301,576,3743,115.822591,839.016764,331.664714,333.641927,0.982456
1302,576,2483,657.038086,112.061605,219.985352,475.092285,0.982135
1303,576,22626,96.484233,203.215088,309.207987,488.025472,0.966193
1304,577,1900,132.178202,245.388428,197.035177,157.172689,0.993885
1305,577,19607,138.943766,786.510824,161.121989,158.446452,0.982444
1306,577,33009,519.572795,789.854655,378.474894,212.479818,0.980147
1307,577,16551,536.132324,71.427897,355.649089,425.571615,0.973514
1308,578,33009,89.731079,255.908508,364.837484,210.340515,0.989277
1309,578,1900,642.547526,858.522298,205.605469,168.552409,0.983802
1310,578,19607,660.862956,332.884684,157.862305,151.502197,0.978054
1311,578,16551,51.589844,727.815430,380.939860,449.834473,0.974089
1312,579,1900,150.226888,254.882731,200.533610,158.399333,0.986755
1313,579,19607,171.470256,822.181071,159.475505,156.413900,0.986560
1314,579,16551,565.046549,81.783976,366.963542,436.203695,0.978524
1315,579,33009,548.062012,835.736491,374.862305,201.698242,0.963449
1316,581,1900,644.210612,852.386312,205.460938,176.103678,0.988866
1317,581,33009,89.752014,254.272013,365.266947,210.917236,0.982602
1318,581,24850,641.605469,206.945719,184.124674,273.984945,0.976385
1319,581,16548,103.457662,904.594889,246.196147,241.927083,0.960685
1320,583,2483,68.436361,689.781576,253.988118,474.157552,0.994378
1321,583,5093,547.770020,184.735840,273.806641,270.074626,0.992624
1322,583,19552,466.571411,633.479818,337.454142,490.847493,0.990010
1323,583,5885,110.544800,80.563680,237.130697,479.132568,0.981719
1324,584,19552,146.785645,118.699300,326.677165,482.113037,0.994294
1325,584,2483,600.556478,79.524658,266.688802,465.386475,0.989061
1326,584,5093,110.111247,817.218099,285.353190,282.896810,0.988874
1327,584,5885,602.178711,686.736816,249.745443,504.246745,0.983987
1328,586,3483,574.207520,810.331217,278.904948,193.930827,0.999204
1329,586,25469,53.331726,788.607422,344.002747,300.130534,0.983374
1330,586,28763,145.428324,197.529053,209.255188,199.099447,0.966192
1331,586,36637,643.737793,170.006063,172.521810,249.081787,0.966054
1332,587,3483,126.098206,272.949849,271.584167,187.984721,0.999102
1333,587,25469,575.256104,187.379313,329.198568,282.769572,0.984224
1334,587,28763,614.417480,859.401367,222.337077,213.600260,0.976165
1335,587,36637,130.439250,827.791178,181.449544,265.665690,0.967595
1336,588,3483,602.871257,844.043294,276.540365,191.584310,0.998965
1337,588,25469,88.812256,829.502197,337.894206,301.402507,0.987554
1338,588,36637,672.919922,172.927450,177.659668,254.105591,0.975837
1339,588,28763,164.032572,205.137899,212.675924,203.847697,0.975044
1340,589,3483,600.001465,867.162516,258.640299,232.141602,0.999370
1341,589,25367,24.687256,109.985799,351.406413,497.960612,0.989379
1342,589,16262,638.162435,177.156942,244.848307,232.154175,0.979045
1343,589,19861,125.769409,864.389323,223.655355,169.834310,0.976410
1344,591,3483,148.408101,218.000326,251.407410,224.868001,0.999383
1345,591,25367,629.693115,643.079997,345.626628,514.944499,0.988785
1346,591,16262,99.072021,851.151367,251.833252,242.499349,0.974781
1347,591,19861,637.403971,277.147705,222.783529,171.647542,0.971271
1348,592,3483,150.169596,217.009237,250.763509,224.421346,0.999236
1349,592,19861,639.222656,277.235982,222.552572,171.076029,0.972075
1350,592,28763,649.252197,901.688314,222.880371,214.347656,0.968202
1351,592,29667,117.399943,845.079834,232.944173,226.640462,0.966314
1352,593,3483,570.577393,836.324707,260.551432,234.458008,0.999059
1353,593,19861,89.492045,825.433024,228.520650,176.860514,0.978385
1354,593,28763,113.001241,159.545156,209.906555,197.489512,0.967438
1355,593,29667,608.989746,193.773600,220.344401,215.045207,0.960432
1356,594,3483,598.931966,868.479655,257.080566,231.479818,0.999339
1357,594,19861,124.205180,864.995605,223.335103,168.516764,0.976452
1358,594,28763,128.951823,162.865397,213.036621,203.678467,0.974984
1359,594,29667,637.079020,199.751302,226.439128,215.461507,0.966268
1360,595,3351,396.792806,864.513835,193.388672,195.952637,0.998104
1361,595,32310,107.410706,214.934306,253.276062,348.422709,0.981070
1362,595,16232,649.606771,288.403442,192.861328,191.777344,0.929659
1363,596,3351,349.531413,161.711019,182.735026,186.961263,0.999994
1364,596,32310,576.715007,617.499959,263.653971,374.884155,0.982517
1365,596,16232,81.217204,732.973958,197.942668,198.701986,0.947885
1366,596,3351,349.478027,160.869344,57.607340,186.947591,0.051070
1367,598,3351,401.393066,872.577067,194.141113,194.189941,0.999973
1368,598,33880,549.550130,189.147705,308.035807,424.120117,0.992704
1369,598,36637,172.143840,331.025472,186.292155,257.249919,0.967803
1370,598,3351,401.118490,873.446940,115.291016,190.995443,0.007311
1371,600,3351,386.037272,225.124959,186.339925,185.556763,0.999989
1372,600,33880,111.314697,683.315104,312.871419,434.815104,0.995602
1373,600,36637,624.112793,719.694824,184.875977,260.566732,0.979083
1374,600,3351,387.203125,224.836792,116.653646,183.359863,0.272176
1375,601,3483,123.771240,306.355550,270.865397,204.916016,0.999260
1376,601,27733,563.528483,260.424479,303.576172,265.701904,0.984113
1377,601,31885,499.211670,636.209757,454.897786,482.550822,0.967166
1378,601,16262,152.959371,802.409180,247.849141,242.999674,0.965940
1379,602,3483,579.185221,756.713379,273.597005,214.056966,0.998201
1380,602,27733,84.739237,723.336589,329.315125,281.426432,0.990426
1381,602,31885,36.756022,108.830933,440.978760,474.096517,0.974882
1382,602,16262,563.022135,217.093913,239.022461,230.844564,0.963948
1383,603,3483,607.176514,790.755046,272.409017,209.452799,0.997672
1384,603,27733,122.617574,768.268473,315.578959,276.583822,0.986507
1385,603,31885,51.360168,136.427979,460.808940,471.217367,0.971369
1386,603,16262,589.764486,225.402201,243.170898,232.879862,0.966311
1387,605,3483,590.578288,842.384115,281.788249,174.697591,0.998987
1388,605,27652,95.769165,852.887451,223.188965,206.570801,0.984737
1389,605,36637,643.040853,206.453939,190.004720,248.963826,0.967316
1390,605,28763,145.216675,248.212545,213.903483,202.993835,0.966366
1391,608,3351,339.411865,190.104899,186.044759,191.933431,0.999970
1392,608,33880,48.185425,604.692220,317.917562,447.873210,0.994922
1393,608,29667,589.050863,722.134277,233.960124,234.419596,0.974936
1394,608,3351,339.120524,190.937459,121.331055,189.819417,0.043162
1395,610,3483,561.808268,808.578288,284.442057,178.892253,0.998788
1396,610,34597,0.000000,101.708537,394.963908,450.507284,0.987107
1397,610,27652,60.746948,810.788249,226.111735,210.319010,0.981142
1398,610,16232,619.043457,221.841838,189.539714,182.905192,0.954878
1399,611,3483,131.874105,288.610026,278.909424,174.714193,0.998959
1400,611,27652,671.296631,254.435730,221.444661,201.548319,0.986755
1401,611,34597,582.592936,653.861572,393.407064,460.887370,0.986460
1402,611,16232,141.710653,845.719645,198.282308,193.397624,0.952969
1403,612,3483,588.968913,843.232992,282.278320,174.232259,0.998830
1404,612,34597,2.213704,135.789836,415.449137,441.135010,0.987069
1405,612,27652,94.295573,851.691732,223.454753,206.951660,0.984226
1406,612,16232,646.842285,230.193481,193.425781,183.815877,0.961641
1407,614,3351,345.687256,152.340902,187.347738,190.966146,0.999991
1408,614,19232,164.414408,650.231974,242.898743,359.969035,0.996600
1409,614,22074,635.670247,725.395182,186.710286,195.232585,0.992750
1410,614,3351,345.782796,153.827260,78.655924,187.611582,0.092225
1411,615,3351,387.488770,211.815877,187.364909,185.156738,0.999991
1412,615,19232,209.935913,751.883138,235.683594,357.699544,0.995339
1413,615,22074,673.791016,819.795736,183.748372,187.376953,0.993542
1414,615,3351,388.179403,211.866130,89.663900,184.389974,0.037190
1415,616,3483,148.574219,218.652913,250.116048,223.127482,0.999477
1416,616,19861,637.569010,277.214233,221.699544,170.914307,0.969820
1417,616,28763,629.812826,885.907145,222.103841,215.294108,0.968864
1418,616,16232,142.786458,898.540283,198.947184,193.948893,0.945672
1419,617,3483,600.583659,867.525716,257.646159,231.732096,0.999451
1420,617,19861,125.916443,865.618164,223.203430,168.370280,0.975607
1421,617,28763,148.175863,178.439901,212.399984,200.617961,0.969236
1422,617,16232,644.417074,175.496379,192.406413,186.399577,0.947810
1423,618,3483,572.826172,835.036947,259.915365,234.693359,0.999089
1424,618,19861,91.250732,826.070068,228.124349,176.304362,0.978970
1425,618,28763,131.181620,171.502686,210.316427,198.271322,0.957960
1426,618,16232,616.188477,172.444295,187.653483,181.026123,0.935077
1427,620,2483,82.020345,639.240031,205.390706,493.668660,0.993550
1428,620,5093,519.461100,150.451294,273.430664,265.412069,0.993505
1429,620,22362,78.081217,72.280355,257.618164,397.802083,0.988361
1430,620,23222,546.871257,638.646077,297.491862,512.827148,0.975980
1431,621,5093,135.768005,846.691243,280.814596,276.469076,0.993253
1432,621,22362,607.593343,778.991781,254.570150,408.908691,0.989946
1433,621,2483,648.728678,82.263387,199.617839,488.896240,0.988235
1434,621,23222,91.348958,59.446045,298.781006,504.051107,0.975625
1435,622,3351,395.269368,887.926107,190.892822,195.103516,0.999791
1436,622,22074,611.954590,289.935689,186.968424,189.325053,0.992794
1437,622,41768,128.550700,291.725505,262.554362,295.965332,0.984908
1438,623,3351,349.853109,146.104451,187.890625,193.191081,0.999887
1439,623,22074,127.627787,745.713704,187.835917,197.933919,0.990960
1440,623,41768,556.048503,629.175293,270.355469,312.073405,0.987012
1441,624,3351,391.818441,206.286987,187.631429,186.281250,0.999942
1442,624,41768,597.157227,719.415039,265.263672,313.288737,0.989309
1443,624,22074,170.297119,839.523438,184.022705,187.060221,0.989228
1444,625,3483,123.840291,305.984863,271.189046,205.336589,0.999194
1445,625,27733,563.049967,259.781352,304.316406,266.918111,0.984074
1446,625,30308,500.803874,698.053548,420.563151,399.610026,0.982155
1447,625,16262,152.504720,803.055827,248.927165,242.531738,0.972275
1448,627,3483,579.389811,757.173991,273.819336,213.443522,0.998061
1449,627,27733,84.542501,722.520182,330.048808,282.203776,0.990260
1450,627,30308,73.879252,148.228597,397.875956,377.844320,0.983275
1451,627,16262,562.333415,218.211100,240.237956,229.399007,0.972371
1452,628,3483,123.666178,306.012838,271.073649,203.764018,0.999224
1453,628,27733,563.150391,259.650309,304.209961,266.492757,0.984707
1454,628,22347,677.207520,850.038086,213.564779,209.713867,0.963950
1455,628,16232,138.956299,890.673747,200.353760,194.824382,0.954947
1456,632,2483,65.260783,662.683757,212.522420,488.173991,0.994184
1457,632,5885,116.159912,83.502075,234.175456,479.856038,0.984806
1458,632,23222,501.476888,605.937012,297.733073,509.427897,0.982954
1459,632,25438,549.834635,180.425944,247.741211,254.219889,0.975050
1460,633,2483,650.646159,95.566121,202.958008,475.957194,0.988130
1461,633,5885,598.305827,681.444499,247.578613,506.968099,0.985529
1462,633,23222,140.023193,135.401164,292.915446,495.507650,0.982871
1463,633,25438,129.266581,847.646647,263.787781,268.719727,0.982360
1464,635,3544,182.184672,198.726603,203.259745,198.619832,0.998873
1465,635,33877,616.008219,793.070475,168.996094,219.521810,0.983620
1466,635,4543,611.154134,154.168457,204.334635,200.352498,0.961255
1467,635,16548,70.951192,752.521647,238.008931,233.663737,0.959497
1468,636,3544,584.436686,858.832031,214.171224,212.178548,0.996942
1469,636,33877,196.379069,255.325785,156.673014,214.837219,0.985038
1470,636,4543,134.493673,903.141846,212.393534,213.988444,0.975693
1471,636,16548,652.506510,279.843486,233.040690,224.022807,0.956364
1472,637,2483,596.145345,113.441610,289.467773,442.993774,0.990695
1473,637,5885,612.000977,694.897786,235.968587,516.321126,0.986861
1474,637,3743,73.997620,813.638509,335.342957,329.864583,0.978747
1475,637,6191,59.606425,186.258972,468.055684,352.853170,0.978242
1476,638,2483,605.420247,79.366089,284.454427,454.966878,0.992307
1477,638,5885,598.930176,696.338216,243.310221,495.782552,0.988810
1478,638,3743,75.008626,800.840332,328.449626,320.551595,0.986556
1479,638,6191,51.972127,155.626302,474.984049,348.448486,0.977847
1480,640,3351,404.805501,916.824056,193.108805,196.065104,0.999959
1481,640,3832,488.009969,284.046305,402.823853,343.791178,0.982225
1482,640,20238,93.885498,298.463216,229.720703,222.905029,0.947569
1483,640,3351,405.637207,917.754395,95.457357,192.374674,0.101364
1484,641,3351,341.990316,123.249044,184.857910,188.928507,0.999986
1485,641,3832,40.979411,576.665690,409.936117,351.849609,0.991375
1486,641,20238,618.975911,708.112712,232.362305,230.890462,0.972386
1487,641,3351,342.447673,123.735809,118.204183,188.200592,0.057326
1488,644,2483,58.553019,648.683757,214.444458,489.489258,0.992279
1489,644,13395,71.876383,86.430990,238.178792,484.172445,0.991887
1490,644,3743,486.278768,120.850789,312.287150,303.569132,0.979509
1491,644,6191,504.265015,606.541382,273.490194,539.717407,0.977646
1492,646,3483,173.302958,276.616231,260.921570,217.099589,0.999041
1493,646,34597,401.447876,631.872030,455.689168,429.152059,0.989530
1494,646,27777,638.174479,292.429769,175.811523,197.427002,0.976589
1495,646,36637,129.632690,825.376790,192.172689,259.650716,0.970219
1496,647,3483,565.864909,812.032227,262.418945,219.728190,0.999319
1497,647,34597,142.053060,190.215739,452.275309,413.192952,0.983722
1498,647,27777,178.394816,812.773438,174.503581,199.904297,0.973128
1499,647,36637,663.795247,178.855184,187.718424,250.002686,0.968847
1500,648,3483,537.336589,777.534342,266.890299,223.870443,0.999298
1501,648,34597,124.474528,153.717122,443.711344,423.194255,0.989131
1502,648,27777,144.170939,775.555501,181.382731,205.548991,0.975366
1503,648,36637,635.028158,177.009277,182.309570,244.386108,0.963106
1504,650,3351,367.499105,174.227051,183.301514,189.890706,0.999991
1505,650,32310,0.000000,707.646647,312.406982,315.382812,0.983365
1506,650,36637,560.501872,823.895020,275.129395,166.335286,0.972443
1507,650,3351,367.436361,174.973674,81.983236,186.770996,0.189537
1508,652,1900,124.935567,258.450317,198.353007,149.385295,0.987068
1509,652,31704,597.179850,693.044922,254.780599,457.251628,0.985011
1510,652,24850,115.110677,841.347656,302.287354,171.958333,0.963501
1511,652,16551,564.258464,64.377848,286.566569,464.853109,0.938661
1512,653,31704,129.727153,127.714233,242.464335,422.103149,0.985852
1513,653,1900,646.964518,857.753418,209.030599,156.304036,0.982246
1514,653,24850,546.736247,266.540324,290.227539,163.582845,0.966235
1515,653,16551,93.059184,689.954915,308.693990,493.532878,0.965680
1516,654,31704,623.736003,731.981283,253.442057,449.068685,0.986876
1517,654,1900,142.595723,268.910482,202.029277,145.987712,0.981129
1518,654,24850,147.680603,880.050944,299.797831,163.787760,0.960757
1519,654,16551,593.289876,73.044596,294.397461,477.996257,0.942883
1520,656,3544,148.844686,190.858724,208.132894,200.581828,0.999002
1521,656,33877,629.322266,849.328288,226.419922,138.353190,0.984387
1522,656,6562,190.423014,707.508789,214.926758,359.923014,0.981217
1523,656,16551,536.254883,183.227498,419.862305,386.135498,0.975537
1524,658,29451,493.034220,818.345866,403.715129,270.153320,0.986924
1525,658,18109,77.849894,790.841064,308.917887,291.500326,0.983734
1526,658,1900,167.053365,245.835856,184.918966,182.639567,0.979493
1527,658,16551,629.357747,9.239909,294.353841,489.502116,0.973753
1528,659,1900,148.339254,239.615397,185.006856,179.857666,0.986886
1529,659,29451,463.988241,783.388346,407.575887,271.779785,0.984974
1530,659,18109,42.033264,747.367839,314.083191,302.180664,0.982560
1531,659,16551,601.195638,8.703776,282.221029,468.761475,0.980060
1532,660,29451,114.529460,214.737162,394.938395,262.316711,0.989264
1533,660,1900,641.962809,844.013184,191.463379,192.264486,0.977883
1534,660,18109,611.274902,225.841044,300.263672,285.951518,0.973251
1535,660,16551,63.669271,741.309408,296.632406,507.543132,0.955898
1536,661,3351,376.939697,876.480957,191.092692,194.920085,0.999912
1537,661,31863,177.726481,304.559245,205.716715,206.352702,0.994392
1538,661,16232,686.364583,292.671163,193.282552,189.315247,0.939704
1539,661,3351,377.576457,876.359945,134.060954,192.452637,0.005677
1540,662,3351,369.484049,159.927979,185.559408,190.203857,0.999971
1541,662,31863,556.833008,725.775553,208.020182,212.133789,0.996318
1542,662,16232,43.768717,745.097331,195.680176,192.351725,0.948104
1543,662,4999,276.864868,163.657674,183.915365,188.467285,0.002444
1544,664,3483,139.969096,288.926575,215.067688,257.753764,0.998851
1545,664,20877,541.784342,293.652079,329.788737,237.210632,0.982279
1546,664,36637,165.824015,797.653646,190.697835,258.276042,0.963783
1547,664,28763,630.787435,874.862956,221.822266,211.583333,0.871304
1548,665,3483,623.155599,715.482096,212.806315,271.977214,0.999138
1549,665,20877,85.765503,725.006348,333.558512,241.093099,0.983510
1550,665,28763,130.589966,182.155314,209.520833,202.323486,0.966937
1551,665,36637,603.450358,203.442301,181.409993,245.843262,0.965117
1552,667,2483,576.864421,119.509399,294.573893,442.730143,0.990099
1553,667,25438,121.541504,820.328125,256.283936,256.608724,0.986926
1554,667,12081,645.068359,700.889974,243.714193,453.371094,0.984227
1555,667,22626,21.616211,144.047567,484.891602,280.288411,0.969097
1556,668,2483,66.619446,648.440104,300.229513,454.277181,0.994895
1557,668,25438,556.757324,193.662354,247.508464,255.637736,0.984410
1558,668,12081,66.417440,119.880819,226.087524,426.505534,0.980444
1559,668,22626,429.197795,776.563639,507.504842,302.354980,0.968972
1560,670,3483,125.362549,273.192220,271.589111,188.032715,0.999086
1561,670,25469,574.066895,187.233439,329.291992,283.898885,0.983949
1562,670,35206,135.133362,728.572103,246.474304,412.904297,0.982847
1563,670,22347,681.192790,846.564535,215.769531,209.372233,0.972899
1564,672,3483,603.651530,843.838623,276.200195,191.563151,0.999032
1565,672,25469,89.099121,829.400553,338.754395,301.291341,0.988083
1566,672,35206,614.541585,119.695150,231.515299,399.862142,0.979799
1567,672,22347,105.026917,223.729004,207.015645,197.611247,0.970147
1568,674,27926,601.586100,162.218180,253.050944,447.968424,0.996564
1569,674,1900,633.243652,892.707194,210.626953,135.891927,0.987213
1570,674,16548,152.562419,888.969238,242.349854,241.441406,0.967914
1571,674,44198,137.071859,292.021240,282.099284,147.973307,0.917688
1572,675,27926,94.570516,610.974447,276.342529,489.276693,0.996821
1573,675,1900,138.166585,239.945150,200.368571,129.372355,0.981509
1574,675,16548,564.693197,134.605509,231.903320,226.447795,0.954483
1575,675,44198,552.139974,830.733643,290.711589,152.875000,0.935330
1576,677,27926,567.301758,623.434285,264.532552,495.432251,0.998781
1577,677,1900,140.064697,239.953125,200.089518,128.920573,0.990256
1578,677,16551,613.884603,12.444458,307.558431,457.141805,0.973741
1579,677,18109,13.748779,692.748047,313.400879,299.625814,0.970963
1580,679,4377,597.836914,700.990560,223.981120,472.295898,0.989060
1581,679,5093,105.173014,812.383789,286.781494,283.439453,0.988374
1582,679,2483,606.898763,81.554769,217.396159,479.422974,0.987050
1583,679,22626,131.150370,156.052327,341.798523,477.031738,0.969886
1584,680,2483,85.182414,676.518840,238.987712,483.855184,0.995399
1585,680,5093,551.244954,189.590413,274.385417,270.137288,0.993396
1586,680,4377,134.050578,104.183838,218.593180,444.434733,0.988275
1587,680,22626,470.071452,601.338542,347.129883,475.585938,0.971632
1588,681,5093,103.379557,799.270589,282.454427,276.622070,0.991354
1589,681,4377,591.306722,700.511719,215.050130,455.407552,0.986781
1590,681,2483,614.930664,51.815186,224.529297,484.539062,0.986771
1591,681,22626,130.454569,127.798177,342.366231,470.893311,0.970743
1592,684,1900,180.085856,266.383789,129.880941,200.388997,0.987191
1593,684,18109,78.819865,767.235840,306.490641,287.809896,0.984512
1594,684,16551,526.213542,85.731527,369.132975,432.890055,0.978196
1595,684,29345,575.392578,713.824382,326.175781,429.857585,0.971964
1596,685,2483,574.782389,121.011637,298.311198,442.440918,0.990440
1597,685,25438,118.218892,819.184408,255.605652,256.605143,0.986960
1598,685,12081,641.819499,703.198242,243.013346,452.398600,0.985736
1599,685,6191,92.162964,12.201742,299.322021,522.439372,0.981081
1600,688,3483,579.242188,756.711833,273.631836,213.966797,0.998825
1601,688,27733,83.983927,722.480632,331.708333,281.965007,0.990513
1602,688,34597,99.939697,181.226196,455.487223,403.038005,0.982897
1603,688,20238,613.535319,185.699300,222.040690,215.441976,0.970113
1604,692,3483,131.703227,288.856160,278.589661,173.263102,0.999029
1605,692,27652,671.391439,254.579061,221.062500,200.988688,0.986718
1606,692,35206,104.254700,688.027425,205.530457,417.911784,0.982263
1607,692,22347,657.650879,835.426270,213.712565,207.989909,0.967299
1608,694,3351,401.641927,848.956543,191.540120,193.776367,0.999781
1609,694,19232,502.155965,237.711873,330.696248,257.315592,0.993419
1610,694,35206,155.064189,274.828044,261.277690,391.081136,0.984419
1611,694,3351,401.444255,849.693685,121.749512,191.633138,0.002910
1612,697,3351,400.849121,853.308431,194.534993,194.696126,0.992330
1613,697,18357,601.776449,197.960693,239.134928,350.158610,0.986189
1614,697,38162,138.028748,257.237061,229.026347,270.578939,0.984727
1615,698,3351,345.115153,172.646077,183.775391,187.635946,0.999992
1616,698,18357,79.797953,631.898438,249.605611,373.329102,0.990491
1617,698,38162,573.484375,678.058716,238.281250,284.383830,0.981048
1618,698,3351,345.528076,173.311442,103.762695,185.311523,0.292367
1619,700,3483,572.502441,834.855632,260.508789,234.367513,0.999148
1620,700,30308,73.935649,127.373047,385.874003,397.145996,0.985352
1621,700,19861,91.267253,825.532878,228.169027,177.170247,0.977945
1622,700,16232,615.776693,172.962240,187.487956,181.433594,0.943373
1623,701,3483,600.159831,867.288086,257.940430,231.975260,0.999465
1624,701,30308,86.559001,145.845825,398.863037,408.025879,0.985221
1625,701,19861,126.008443,864.723145,223.306010,169.005534,0.976138
1626,701,16232,644.250326,175.690430,191.754232,186.369873,0.947684
1627,702,3483,148.722738,218.727051,250.138346,223.016764,0.999374
1628,702,30308,515.736003,698.839030,409.338216,410.180339,0.987553
1629,702,19861,637.631104,277.479736,222.044271,170.647054,0.970634
1630,702,16232,143.509542,898.904704,198.785299,193.900228,0.943291
1631,705,3483,593.229248,872.073568,256.147461,233.340983,0.999229
1632,705,19861,119.348938,864.640299,221.961934,169.209310,0.974082
1633,705,29667,637.133464,204.490926,226.223633,216.404419,0.968216
1634,705,22347,121.087484,199.889526,205.943441,197.694499,0.963035
1635,706,2483,600.880371,76.722005,266.187988,468.776042,0.990070
1636,706,5093,110.013916,816.847982,285.814616,283.530924,0.988161
1637,706,5885,602.415690,686.230143,249.070638,505.022461,0.984468
1638,706,12778,75.408813,123.149821,341.981852,485.419434,0.971144
1639,707,2483,68.265951,689.979574,253.793864,473.474772,0.994257
1640,707,5093,548.114909,185.595337,273.832031,268.975382,0.992652
1641,707,5885,110.668599,80.288656,236.369324,478.830485,0.981266
1642,707,12778,531.584310,629.617106,366.446940,492.984212,0.976372
1643,708,5093,108.617228,804.801758,281.691406,277.344401,0.991394
1644,708,2483,615.319499,52.325195,255.936686,468.246908,0.991386
1645,708,5885,595.906901,683.868815,235.811198,490.785482,0.985362
1646,708,12778,65.672526,86.035848,352.071045,485.609172,0.967324
1647,710,3483,578.928467,757.550618,274.413249,212.997070,0.998286
1648,710,27733,84.415039,723.121582,330.079671,281.585286,0.990828
1649,710,16262,562.959961,218.866984,240.493164,228.157674,0.975613
1650,710,28763,157.489583,231.870361,210.162109,201.965373,0.945494
1651,712,5093,135.146973,843.077067,286.102458,287.211426,0.993421
1652,712,13395,637.130615,676.518880,248.212240,515.592936,0.992582
1653,712,2483,623.362467,102.454915,231.550618,468.299479,0.975542
1654,712,12778,101.941854,103.924642,296.674479,544.929606,0.966848
1655,713,2483,81.597758,659.480794,216.304667,488.859049,0.994638
1656,713,5093,522.465983,161.252726,273.310547,268.059123,0.993281
1657,713,13395,77.070312,82.247559,238.253499,487.608317,0.992085
1658,713,12778,545.661865,596.786377,283.831543,525.404622,0.977581
1659,714,5093,132.765828,833.636475,281.550374,276.423503,0.994378
1660,714,13395,629.226725,677.258138,234.806966,495.828125,0.994258
1661,714,2483,638.077799,61.329183,220.522461,488.521810,0.970322
1662,714,12778,101.003967,87.378520,297.755554,521.650208,0.963991
1663,716,19552,98.751180,134.292236,319.917074,495.677002,0.994478
1664,716,2483,584.872965,104.183757,236.777507,466.127930,0.988866
1665,716,3743,118.491150,797.089111,331.495422,329.508464,0.982605
1666,716,12081,609.233887,713.384603,241.363932,469.857585,0.981752
1667,717,2483,87.190531,661.497762,261.431458,479.948527,0.994902
1668,717,19552,526.515625,606.582031,320.784993,493.019368,0.990984
1669,717,3743,495.487793,167.514933,314.482585,299.919718,0.986124
1670,717,12081,107.995585,105.799316,229.437195,434.501953,0.982538
1671,719,1900,122.966756,261.224284,199.259603,147.533691,0.990231
1672,719,31704,602.902913,690.827555,256.605143,453.088704,0.986063
1673,719,21771,90.781250,810.004557,195.268311,190.670573,0.978838
1674,719,16548,552.853434,181.392822,233.311035,227.631795,0.964173
1675,720,31704,123.136759,133.055359,243.635498,422.619446,0.986605
1676,720,1900,647.540446,857.401693,210.788249,155.346354,0.985676
1677,720,16548,166.318685,840.598307,242.504801,239.549154,0.973827
1678,720,21771,675.096680,286.142008,187.283203,183.372477,0.972095
1679,721,3483,579.979167,756.136230,274.048665,214.373698,0.998282
1680,721,27733,85.596049,722.820150,329.531230,281.642904,0.991055
1681,721,31885,65.551758,162.993652,448.414225,466.353271,0.976561
1682,721,35206,569.140299,118.094360,253.551432,382.206584,0.938870
1683,724,3544,131.862447,178.767212,203.405945,198.800415,0.996892
1684,724,31704,573.931315,677.798096,252.426270,450.099284,0.989856
1685,724,10220,578.638346,167.384450,220.467773,214.336741,0.989697
1686,724,16548,106.605937,735.230469,239.044128,234.172526,0.967778
1687,725,3544,636.677572,884.560059,213.674316,213.681315,0.994202
1688,725,31704,147.554301,147.344767,248.168925,420.764404,0.989486
1689,725,10220,151.375224,871.916341,232.681824,230.233398,0.988887
1690,725,16548,619.217448,300.227376,230.025391,225.803385,0.971723
1691,726,3544,148.078288,183.073486,208.094238,201.902181,0.998772
1692,726,10220,606.303874,171.661458,223.395833,215.951742,0.991205
1693,726,31704,601.550781,713.606934,249.964518,446.284180,0.988404
1694,726,16548,139.163432,775.256999,236.396301,227.833984,0.967104
1695,727,3483,574.519531,809.080973,279.999023,195.319824,0.999191
1696,727,25367,36.123006,151.279378,409.222493,448.694743,0.989215
1697,727,25469,14.667480,810.540934,379.495117,224.288086,0.973936
1698,727,16232,601.413900,213.403402,186.487630,182.460612,0.941008
1699,728,3483,603.523275,843.010010,276.133952,191.838867,0.999007
1700,728,25367,52.234904,174.094869,423.066976,452.217143,0.988534
1701,728,25469,50.410299,857.360026,375.441915,218.686849,0.978040
1702,728,16232,629.400472,219.201619,190.075358,188.386271,0.944295
1703,731,3544,101.859497,159.791951,203.072998,200.333252,0.999031
1704,731,16548,119.735168,769.815918,237.650736,230.619466,0.966706
1705,731,4543,610.056478,142.038656,205.010742,200.873942,0.960465
1706,731,29870,603.350911,772.093913,207.350586,223.584147,0.958243
1707,732,3544,669.225098,898.106283,216.352539,213.777018,0.997479
1708,732,4543,133.313314,914.218262,214.515381,215.674967,0.972362
1709,732,16548,607.377604,265.914876,229.793457,220.776611,0.967311
1710,732,29870,167.447306,277.149902,206.538005,214.247640,0.965480
1711,738,31704,137.896973,642.355469,253.939046,452.878906,0.983599
1712,738,16551,587.667643,86.751099,287.504557,467.813802,0.961519
1713,738,44198,605.657552,768.764404,167.091146,286.533203,0.960710
1714,738,1900,88.706217,258.568359,199.447103,129.184204,0.828684
1715,740,31704,134.384827,129.398315,241.155619,420.115763,0.988123
1716,740,19607,656.522949,270.954997,156.709961,151.698486,0.980661
1717,740,1900,644.325846,828.688314,171.259766,201.738281,0.976662
1718,740,16548,120.824544,803.694010,241.453451,236.401367,0.968509
1719,742,2483,82.919515,673.564657,246.657633,472.425090,0.995703
1720,742,4377,81.884115,103.770793,215.110433,437.301351,0.981151
1721,742,6191,567.821777,538.533244,277.126953,530.498983,0.979617
1722,742,25438,568.262695,186.182454,247.735352,253.878540,0.972867
1723,743,4377,642.072266,703.354492,220.802083,460.378255,0.987822
1724,743,6191,95.972575,134.811198,280.364258,526.142904,0.986397
1725,743,2483,608.320150,69.641073,245.806315,468.365112,0.986213
1726,743,25438,109.916260,828.442952,256.005127,255.825846,0.984487
1727,745,3351,349.827718,890.081055,194.298991,196.372070,0.996705
1728,745,16262,662.269613,269.339274,240.580404,232.621989,0.981460
1729,745,32310,112.088359,173.212301,225.510274,371.984884,0.979345
1730,745,33208,349.812663,889.970703,194.140462,196.798503,0.001330
1731,747,3351,435.372803,191.059489,186.909993,186.227824,0.999984
1732,747,16262,63.435384,797.441569,243.550130,239.579753,0.980474
1733,747,32310,637.302165,731.026693,235.119466,402.180501,0.972424
1734,747,3351,436.500081,190.554443,43.079427,188.530680,0.004110
1735,750,29345,587.388346,133.315389,274.076172,409.406535,0.975795
1736,750,1900,685.948568,804.213704,131.266602,209.912923,0.970153
1737,750,16548,148.263407,788.270182,241.582377,238.522786,0.965533
1738,750,44198,174.829346,198.390747,164.141764,272.703410,0.957536
1739,752,3544,91.641012,197.035075,203.650248,200.423096,0.998428
1740,752,6562,165.143473,670.031738,219.468099,365.418132,0.983085
1741,752,16548,558.168294,136.368815,231.581055,225.889160,0.960053
1742,752,27993,546.960124,776.428548,310.524414,243.645182,0.953570
1743,754,3351,372.309408,196.482992,185.627441,185.492594,0.999989
1744,754,3832,90.882467,653.249186,369.952657,379.191732,0.987314
1745,754,29667,626.755697,760.309489,229.526042,224.040527,0.969423
1746,754,3351,373.785889,195.589355,39.890788,186.266317,0.008071
1747,756,3351,416.128174,887.840576,190.223958,194.683919,0.999953
1748,756,3832,515.679036,252.972087,369.299479,381.624919,0.985301
1749,756,29667,124.935872,316.610453,228.173421,227.399719,0.964627
1750,756,3351,414.589884,889.362142,43.504639,194.035807,0.002476
1751,758,3483,150.506897,217.827189,250.005880,223.837036,0.999178
1752,758,36637,94.515259,906.536458,274.594727,164.899577,0.974252
1753,758,19861,639.735677,277.775187,221.798828,170.755534,0.971368
1754,758,31885,561.930827,655.354451,346.344727,559.611694,0.956045
1755,759,3483,571.647705,835.922363,258.431478,234.091797,0.999019
1756,759,36637,589.318034,194.701945,260.535156,154.211955,0.981235
1757,759,19861,89.837199,824.872884,227.642822,177.383789,0.978289
1758,759,31885,77.057210,28.949056,326.609131,535.683675,0.953086
1759,760,1900,158.351115,258.487956,128.761637,200.490967,0.981158
1760,760,29345,88.254395,706.451660,292.360026,448.019206,0.979378
1761,760,33208,656.625000,803.662435,213.820150,204.751953,0.973096
1762,760,16548,580.678874,203.045003,234.134928,227.091024,0.959745
1763,761,1900,177.362264,268.636556,129.450846,200.358643,0.993177
1764,761,29345,125.468343,749.666504,284.787923,441.411784,0.985085
1765,761,33208,682.589030,833.717611,213.086914,204.319010,0.973711
1766,761,16548,608.882650,211.978882,238.282227,227.582804,0.957233
1767,763,3483,123.909383,306.420492,270.575195,205.083089,0.999301
1768,763,27733,563.391113,260.238688,303.725098,265.727376,0.984785
1769,763,31885,496.350382,641.401530,459.450236,482.113444,0.970979
1770,763,20238,113.224467,854.349447,232.891744,227.068359,0.965843
1771,764,3483,607.493001,790.935221,272.011393,209.162435,0.997750
1772,764,27733,122.280823,768.478434,316.459819,276.208659,0.988326
1773,764,20238,642.194987,189.201335,226.567057,218.342204,0.977634
1774,764,31885,51.470805,131.967387,462.680806,470.905904,0.972784
1775,766,3483,141.651733,288.259623,213.256185,257.790833,0.998212
1776,766,34597,568.649414,728.414876,406.868327,478.870443,0.988804
1777,766,20877,543.235433,294.125692,329.848633,236.769124,0.980216
1778,766,36637,166.169983,796.362223,189.404968,258.783203,0.966532
1779,768,3483,621.898275,716.929932,212.975911,272.489746,0.999225
1780,768,34597,6.410970,17.742513,404.999593,464.196696,0.988996
1781,768,20877,83.435506,723.307292,335.312256,244.376790,0.980106
1782,768,36637,602.748698,203.406087,181.800456,247.615804,0.965589
1783,772,31704,170.981812,684.047201,251.094401,447.918457,0.986333
1784,772,1900,106.007161,269.634888,202.521729,126.207194,0.981593
1785,772,33208,639.728516,878.049072,209.514323,202.210286,0.943402
1786,772,16551,557.468913,78.892741,284.540039,482.460042,0.849173
1787,773,1900,88.939494,258.398397,198.531169,129.602010,0.986646
1788,773,31704,138.161784,642.098389,252.374593,453.426921,0.983595
1789,773,16551,529.221720,69.385335,280.303345,469.350260,0.945090
1790,773,33208,613.007487,846.061523,212.173828,206.683105,0.925731
1791,778,3483,603.394043,842.945964,277.108236,192.523763,0.998987
1792,778,30308,83.896240,169.517822,404.441081,399.981038,0.983223
1793,778,25469,49.391581,858.558268,374.565776,216.728841,0.979114
1794,778,16232,629.570719,219.660685,189.880534,187.365723,0.943063
1795,779,3483,124.875570,273.276489,272.271403,188.587321,0.999300
1796,779,30308,513.790690,685.271322,413.676921,406.102214,0.983726
1797,779,25469,573.524821,231.341980,371.035645,220.573547,0.981232
1798,779,16232,162.624105,855.314616,196.303711,192.817546,0.940141
1799,780,3483,574.845866,808.660075,279.621419,195.655924,0.999363
1800,780,30308,69.629476,148.299459,392.318604,393.110291,0.981776
1801,780,25469,15.019206,811.713053,378.177734,223.185547,0.974957
1802,780,16232,601.420247,213.215902,186.508138,182.349040,0.939155
1803,782,3351,338.090820,181.397664,188.731364,192.029012,0.999898
1804,782,22074,586.999674,726.029785,187.022461,196.734538,0.993818
1805,782,20014,6.842651,621.969686,352.247599,345.473022,0.987946
1806,782,3351,337.935994,181.507853,75.743978,190.320964,0.001778
1807,785,3483,131.579692,288.426229,278.540181,174.461426,0.998956
1808,785,25367,541.469401,688.553060,395.063477,497.708008,0.990745
1809,785,27652,669.972656,254.089640,222.647461,202.443359,0.986545
1810,785,35206,104.419739,688.385417,205.980164,417.016602,0.981702
1811,787,3483,148.438822,218.324219,250.635071,224.529297,0.999341
1812,787,34597,534.386719,654.057129,355.414062,513.301270,0.988593
1813,787,20238,113.045532,856.706706,231.889486,227.194661,0.981394
1814,787,19861,637.376790,277.067261,222.132812,171.611816,0.970193
1815,788,3483,572.738851,835.739827,260.949870,234.009603,0.999112
1816,788,34597,99.069356,58.382609,336.846822,497.082479,0.985203
1817,788,20238,614.901530,185.685832,220.965332,214.028971,0.981573
1818,788,19861,91.240458,825.402832,228.339376,177.610026,0.978241
1819,797,3544,146.142721,191.886719,203.708516,197.890584,0.999123
1820,797,16551,43.493144,524.335653,306.739278,478.887329,0.971661
1821,797,4543,600.643066,188.494059,204.817383,199.713460,0.970671
1822,797,27993,495.373210,853.734049,336.910645,163.155436,0.950953
1823,798,3544,163.411743,198.900675,208.159993,200.498372,0.998785
1824,798,4543,628.284505,192.071615,209.879395,201.402832,0.966206
1825,798,16551,71.586670,575.274333,308.285970,471.789551,0.965612
1826,798,27993,521.445475,890.901042,334.665527,156.928548,0.953153
1827,799,3483,600.567383,867.986816,257.988281,231.277995,0.999383
1828,799,20238,643.602295,189.737467,227.640951,216.022461,0.977565
1829,799,19861,125.946269,865.681152,223.380554,168.075521,0.976308
1830,799,28763,167.984070,179.733643,213.501444,201.809123,0.957915
1831,807,3483,155.533793,211.550944,250.537740,228.835368,0.999052
1832,807,25367,611.532389,706.523193,324.955729,528.892904,0.987725
1833,807,19861,643.769368,277.517904,222.574870,171.921061,0.977900
1834,807,29667,118.077962,840.211426,232.742839,227.694336,0.961955
1835,808,3544,108.569417,206.482015,207.678955,203.103109,0.998188
1836,808,6562,193.162964,705.785645,215.852132,360.444336,0.980484
1837,808,16551,614.689046,48.372843,336.659831,453.813965,0.973143
1838,808,29870,632.963786,824.248372,168.893880,240.806641,0.963268
1839,810,3544,92.395976,199.254435,203.861186,198.725098,0.998853
1840,810,6562,160.134033,664.088379,220.511719,365.588053,0.983570
1841,810,16551,585.314453,40.435059,329.306966,444.493978,0.973715
1842,810,29870,604.401693,788.476237,174.054362,248.511068,0.968199
1843,815,3351,361.910889,167.641968,183.170492,188.319132,0.999986
1844,815,32310,519.344889,615.541138,277.958008,362.218791,0.984677
1845,815,20238,99.529744,710.083171,232.047770,231.498372,0.970900
1846,815,3351,362.267904,169.198975,46.972656,186.980794,0.002669
1847,817,3483,589.071126,842.763346,281.905762,174.581706,0.998733
1848,817,27652,94.268575,851.830404,223.369120,206.250651,0.985358
1849,817,30308,94.727173,154.266032,385.243652,422.533447,0.983910
1850,817,16232,647.089193,230.621257,193.367025,182.592692,0.959613
1851,818,3483,131.802694,289.185608,278.452799,173.574565,0.999115
1852,818,27652,672.284505,254.927816,219.865234,200.616292,0.987758
1853,818,30308,525.076823,679.381185,388.833171,425.114909,0.983236
1854,818,16232,141.641907,845.577474,198.719910,193.306315,0.950492
1855,819,3483,561.799805,808.458171,284.483236,179.308268,0.998784
1856,819,27652,61.193970,810.990723,225.603434,210.152995,0.981752
1857,819,30308,79.565694,137.201253,373.604309,411.888428,0.979795
1858,819,16232,619.472087,221.746338,189.089193,182.797770,0.955748
1859,820,19552,486.460164,643.394165,338.511027,486.177775,0.991951
1860,820,2483,94.114360,691.002767,214.490051,491.578776,0.989558
1861,820,4377,133.438802,105.687052,222.979899,440.003296,0.987481
1862,820,3743,484.469727,150.923177,313.882650,302.590861,0.977951
1863,822,19552,123.254110,95.126953,334.424154,497.811442,0.993926
1864,822,4377,593.697103,703.900879,237.234863,468.582682,0.988939
1865,822,2483,621.865723,73.750326,193.995931,469.863200,0.982944
1866,822,3743,128.951416,812.899821,338.517334,330.420898,0.978991
1867,826,3351,407.162109,860.851725,191.332031,195.067057,0.999974
1868,826,18147,540.130534,318.943034,306.943359,387.582764,0.991336
1869,826,38162,178.984660,201.171021,251.612142,262.621053,0.981131
1870,826,3351,407.845622,861.519368,92.710938,192.503255,0.140713
1871,828,3351,381.076904,236.958089,185.636719,184.982829,0.999984
1872,828,18147,126.484680,572.651855,309.836772,408.663249,0.989435
1873,828,38162,552.894857,863.062419,248.398275,253.067546,0.980040
1874,829,3483,537.509440,777.978353,267.197591,222.784993,0.999365
1875,829,27777,144.093282,776.061849,181.607402,205.184896,0.974143
1876,829,36637,635.487142,177.081909,183.107422,243.186361,0.971703
1877,829,28763,96.284851,168.098022,210.064433,200.694661,0.956468
1878,830,3483,172.993225,276.344320,260.791850,215.886556,0.999121
1879,830,27777,638.265788,292.411662,175.283529,196.460124,0.977047
1880,830,36637,128.501058,826.841064,193.567952,258.854655,0.968330
1881,830,28763,664.910319,890.725098,225.199870,213.710286,0.959696
1882,831,3483,566.178711,812.499023,262.346029,219.057780,0.999377
1883,831,28763,112.063802,175.266398,213.979004,200.235067,0.972721
1884,831,36637,664.785400,179.057943,188.971680,249.279622,0.972608
1885,831,27777,178.403442,813.900472,174.491374,199.225911,0.971873
1886,832,1900,623.738932,889.011719,206.936035,139.486979,0.984115
1887,832,21025,137.146159,867.810628,181.213298,178.166341,0.977599
1888,832,18109,59.167887,125.645833,305.881429,287.332031,0.976431
1889,832,16548,605.380534,161.821574,238.154297,226.423136,0.971052
1890,838,27926,88.282633,611.441854,278.170654,488.691772,0.997057
1891,838,1900,140.311768,239.984497,199.601156,129.724243,0.992694
1892,838,33208,587.485514,799.647868,216.620768,207.185059,0.977716
1893,838,16548,592.442790,162.089610,232.184570,225.810293,0.975655
1894,842,3483,123.631083,306.170553,271.019552,204.610697,0.999296
1895,842,34597,470.014852,668.175374,465.081665,428.903809,0.990430
1896,842,27733,562.397298,260.264018,305.160970,266.776998,0.984132
1897,842,16262,152.576457,802.429199,248.729574,243.063477,0.968454
1898,851,22362,609.456624,735.826497,271.630208,422.013346,0.989157
1899,851,2483,624.890137,101.172282,206.486979,469.866862,0.985589
1900,851,3743,122.709961,837.000000,330.440918,335.180013,0.980836
1901,851,22626,111.231588,157.828023,306.345398,488.624207,0.966976
1902,855,4377,593.976888,703.692546,237.244466,467.969076,0.987507
1903,855,2483,622.036051,72.876261,194.970866,470.449137,0.984089
1904,855,3743,128.366699,812.962891,338.725423,330.215495,0.977256
1905,855,12778,89.023519,132.445638,304.849202,526.473877,0.972199
1906,857,3351,338.145182,131.907552,184.181478,190.775187,0.999990
1907,857,31863,574.458171,744.866699,209.428874,213.939128,0.996771
1908,857,16262,93.715820,677.499105,249.423421,246.438639,0.986973
1909,857,3351,337.503215,131.792847,123.967041,188.780721,0.049664
1910,858,3351,378.427653,188.750488,185.431803,186.185262,0.999993
1911,858,31863,612.442464,835.565104,207.587728,205.083333,0.996463
1912,858,16262,137.145955,769.676107,241.993978,237.276530,0.985565
1913,858,28763,138.566081,770.750488,239.125407,234.826497,0.002524
1914,861,19552,71.622274,96.680542,342.643880,466.533162,0.995239
1915,861,2483,565.785319,153.312907,304.326335,431.246826,0.990655
1916,861,25438,123.431051,832.459229,261.725932,267.638997,0.983818
1917,861,12081,653.736979,707.555827,253.695150,466.071615,0.983475
1918,862,3483,602.385091,844.322103,277.085286,191.319661,0.998810
1919,862,25469,88.044515,828.626302,340.312663,302.049154,0.987855
1920,862,34597,77.029622,132.329508,447.943848,417.635457,0.987138
1921,862,36637,672.251302,172.824422,176.373372,254.615519,0.972804
1922,864,3483,573.927246,810.007161,278.920247,195.047526,0.999148
1923,864,34597,61.656006,101.720052,441.226318,424.461751,0.984302
1924,864,25469,52.701090,786.449056,346.425781,302.216309,0.982931
1925,864,36637,643.065755,169.777384,170.902344,250.242065,0.963053
1926,866,3351,304.258382,171.002808,189.586670,192.128906,0.999968
1927,866,3832,482.875285,557.046265,388.692098,376.114868,0.985202
1928,866,16688,38.024618,531.505371,436.350342,574.342773,0.979213
1929,866,4999,208.989990,173.448364,187.224609,193.471436,0.002444
1930,867,3351,345.628499,231.801595,187.621012,186.936035,0.999991
1931,867,3832,525.703044,655.235881,382.566569,366.507772,0.985010
1932,867,16688,71.892253,628.227336,432.729085,581.753947,0.983404
1933,867,3351,345.840658,232.243286,72.397298,186.021932,0.022013
1934,868,3483,589.323405,842.869466,281.079753,174.640788,0.998880
1935,868,27652,94.370463,851.794352,223.127421,206.914714,0.984728
1936,868,31885,30.234172,57.574951,415.427816,510.778483,0.959354
1937,868,16232,647.197266,229.671631,192.951986,184.084513,0.951629
1938,869,3483,561.781250,808.305664,283.843750,179.927083,0.998678
1939,869,27652,61.152791,810.939290,224.992513,210.647461,0.981628
1940,869,31885,19.216634,38.796794,394.340088,505.099528,0.954562
1941,869,16232,619.599935,220.720907,188.387695,184.451660,0.947758
1942,870,3483,132.726969,288.378194,277.398438,174.265116,0.999019
1943,870,27652,672.569661,254.738546,219.751953,201.003398,0.987566
1944,870,31885,567.672363,674.690389,404.321940,526.443075,0.951252
1945,870,16232,141.632589,845.477865,198.043437,193.637695,0.945740
1946,873,3351,342.396240,223.606283,188.331543,186.364176,0.999975
1947,873,16688,69.477946,622.461670,439.157552,589.718424,0.989603
1948,873,18147,624.524495,672.072428,281.772786,425.835449,0.988853
1949,873,3351,343.155111,222.843547,109.250895,185.025146,0.138588
1950,874,3483,623.352132,716.148926,211.916341,272.157878,0.999161
1951,874,20877,85.988180,724.184733,332.988139,241.743327,0.982325
1952,874,31885,144.516764,151.018188,434.025228,478.308268,0.966675
1953,874,16232,626.767578,220.112305,188.644531,185.287923,0.948552
1954,875,3483,648.785645,749.548665,211.959961,266.580078,0.998589
1955,875,20877,116.943319,768.486084,331.334798,231.231608,0.983036
1956,875,31885,161.591003,181.546956,450.280253,477.451986,0.969652
1957,875,16232,654.819173,229.987020,193.338867,182.063192,0.942507
1958,878,3483,590.116862,842.688883,282.214844,174.350098,0.998810
1959,878,34597,72.908997,123.122477,336.983419,498.139893,0.988750
1960,878,27652,95.425700,852.026367,223.919271,207.121419,0.984315
1961,878,36637,642.155436,206.247152,189.654948,249.287272,0.964330
1962,879,3483,563.158854,807.967448,283.754883,179.113932,0.998944
1963,879,34597,61.145915,92.880412,324.597656,499.929443,0.987258
1964,879,27652,62.234375,810.883626,226.314697,210.808105,0.982347
1965,879,36637,614.612793,202.160156,185.403646,244.496338,0.964350
1966,880,2483,77.375610,667.214478,222.460856,487.381877,0.994874
1967,880,5093,509.051514,158.682780,272.604980,269.440959,0.993092
1968,880,13395,66.261149,91.537679,237.835531,482.036580,0.987758
1969,880,23222,508.912028,605.982585,305.671387,508.085938,0.979143
1970,882,5093,147.789103,836.801270,280.438639,275.954102,0.993106
1971,882,13395,640.405680,672.592285,242.098633,494.275228,0.991065
1972,882,2483,636.823893,58.717244,226.798177,483.179036,0.975830
1973,882,23222,126.049194,96.316406,303.883789,500.774170,0.975363
1974,883,3483,603.385905,843.377116,277.084635,191.751628,0.999114
1975,883,25469,50.102458,859.243001,374.502523,216.504883,0.985310
1976,883,28763,142.247070,230.785400,213.956868,203.675578,0.971633
1977,883,16232,629.238118,219.364176,191.506185,187.066243,0.945590
1978,886,3351,409.316406,890.047201,191.756999,195.099935,0.999790
1979,886,31863,162.166280,284.653809,208.767883,207.197673,0.995760
1980,886,35206,543.938314,261.977865,270.337240,387.910563,0.981941
1981,886,3351,409.242269,891.790771,50.141276,192.306152,0.001608
1982,888,3351,379.890381,204.076986,186.333577,185.811523,0.999982
1983,888,31863,610.523112,835.777262,207.645833,205.451823,0.995994
1984,888,35206,164.448100,645.660156,263.904277,396.339844,0.981903
1985,888,3351,379.381958,204.574666,103.483154,181.915812,0.012189
1986,889,3483,140.641622,289.066976,213.567037,256.901449,0.999292
1987,889,20877,542.383870,293.789897,328.985026,237.173319,0.982244
1988,889,16232,132.886698,846.176432,198.163106,192.855957,0.955059
1989,889,28763,709.244792,887.558268,225.286458,213.694336,0.913279
1990,891,3483,622.915690,716.706055,212.763997,271.229818,0.999400
1991,891,20877,85.374837,724.891520,333.353353,241.603841,0.984176
1992,891,28763,56.779460,171.617513,208.766602,199.506551,0.967260
1993,891,16232,625.698893,220.968058,190.746419,183.745483,0.956371
1994,894,3483,622.216797,716.427734,212.975911,273.218424,0.999089
1995,894,25367,26.209188,22.029989,414.124593,445.485514,0.991013
1996,894,20877,83.550130,723.261393,335.487549,244.310547,0.971484
1997,894,36637,603.794434,203.750407,180.496094,246.884033,0.964625
1998,895,3544,91.962524,222.826945,203.846436,200.380086,0.998754
1999,895,10220,583.856608,774.822754,227.321777,222.285156,0.989207
2000,895,21025,100.609680,820.223958,179.217957,181.657064,0.984723
2001,895,16551,530.721517,38.862386,298.092773,459.166992,0.971296
2002,896,3544,108.590129,234.051880,208.158691,199.718953,0.998663
2003,896,10220,611.117513,812.154622,223.298828,217.191732,0.988962
2004,896,21025,134.028158,853.794922,177.721761,179.536784,0.984101
2005,896,16551,559.213704,44.577677,304.364583,473.879842,0.971686
2006,897,3544,676.866374,834.309082,214.675456,213.935059,0.999412
2007,897,10220,169.526103,273.194478,219.405945,216.671407,0.990303
2008,897,21025,677.854167,284.076884,177.299479,173.840352,0.971605
2009,897,16551,115.203674,723.088542,319.450053,489.332357,0.963595
2010,898,27926,568.898112,581.825236,254.720703,487.895793,0.998247
2011,898,3544,119.770203,173.173055,202.963359,197.929525,0.997406
2012,898,16548,74.015422,778.146159,238.551351,234.305013,0.973177
2013,898,12247,618.637695,204.997843,174.450195,187.657633,0.971631
2014,900,27926,595.998535,622.966227,250.920247,487.445964,0.998240
2015,900,3544,134.049032,178.378581,209.201986,201.278564,0.995888
2016,900,16548,107.420329,820.932129,235.682048,228.378092,0.975822
2017,900,12247,647.527181,205.298136,175.907552,189.191569,0.973566
2018,904,3483,607.540365,791.034180,272.078125,208.363607,0.997199
2019,904,27733,122.837158,768.746663,315.866781,276.154785,0.986944
2020,904,20238,642.245687,189.558797,227.060872,217.365682,0.978013
2021,904,30308,160.086060,54.491536,290.313070,472.657389,0.975948
2022,906,3483,123.962158,306.072713,270.955322,205.010824,0.999271
2023,906,27733,562.576823,259.870687,304.874349,266.214030,0.984784
2024,906,30308,546.602214,722.173258,299.255534,484.025391,0.973272
2025,906,20238,112.905477,854.786621,232.844645,227.154622,0.963263
2026,908,3351,304.547852,192.004842,185.678060,190.838704,0.999987
2027,908,31863,575.077148,744.522461,208.708008,214.854167,0.996560
2028,908,20238,116.872538,714.689046,227.596863,229.154460,0.955983
2029,908,31863,116.706502,714.201823,228.054281,228.972493,0.702463
2030,910,3483,174.782145,274.602580,262.194173,218.474772,0.998681
2031,910,25367,513.207560,698.453451,445.829712,441.475911,0.987532
2032,910,27777,639.947917,293.831746,176.350586,197.480632,0.975522
2033,910,29667,125.982117,880.820638,232.302389,227.831380,0.953789
2034,912,3483,534.791992,777.941162,268.351562,224.740723,0.999303
2035,912,25367,32.488139,104.778890,430.756653,422.525146,0.986544
2036,912,27777,142.094767,774.231934,181.754557,205.206055,0.974231
2037,912,29667,600.275228,161.007945,219.113281,214.984039,0.949863
2038,914,3351,368.176921,122.112427,186.435872,191.094116,0.999988
2039,914,35206,44.506449,611.175618,350.074687,359.258952,0.985211
2040,914,13900,555.229411,708.399740,204.990885,249.532227,0.974776
2041,914,3351,366.453776,123.692902,63.048828,190.689870,0.008720
2042,915,3351,411.005615,178.889079,186.412435,185.697021,0.999986
2043,915,35206,88.653951,708.057617,342.665385,349.785482,0.989351
2044,915,13900,594.969401,798.334310,200.582682,244.321940,0.972695
2045,915,3351,409.932861,178.972860,61.476562,182.966024,0.031806
2046,916,3483,123.436890,306.390930,271.609456,204.633484,0.999268
2047,916,25367,503.108276,679.543050,456.470988,428.100260,0.990029
2048,916,27733,562.953939,260.063070,304.447917,266.326904,0.983941
2049,916,16232,139.154317,890.836019,201.029602,194.922689,0.953091
2050,919,3483,122.411682,307.850830,270.804708,204.394857,0.999107
2051,919,27733,561.517415,260.325846,304.441406,265.718913,0.984366
2052,919,30308,490.834920,681.275431,372.220093,437.320597,0.981461
2053,919,36637,99.425252,883.288737,270.553874,179.603841,0.966960
2054,920,3483,580.684896,756.246419,274.135091,212.958008,0.998011
2055,920,27733,86.384399,721.724935,329.322428,283.829753,0.990291
2056,920,30308,126.155843,123.492839,361.181396,423.691610,0.980362
2057,920,36637,590.895508,203.183024,255.881185,168.855632,0.893385
2058,923,3483,141.879150,287.999756,213.824219,257.657796,0.999030
2059,923,25367,540.646647,706.328451,431.480143,456.500977,0.984582
2060,923,20877,543.488770,293.474976,330.271159,238.751383,0.978799
2061,923,16262,110.193685,835.786296,249.253581,243.094076,0.976007
2062,925,3483,148.520569,218.281169,250.835958,224.726929,0.999289
2063,925,34597,484.641235,626.059123,443.609090,454.756470,0.987033
2064,925,19861,637.299561,277.555745,222.299642,170.981689,0.969475
2065,925,16232,143.428975,898.453125,198.711080,194.046061,0.945981
2066,927,3483,572.608561,834.683431,260.408529,234.257812,0.998943
2067,927,34597,63.226725,138.879801,423.750000,443.335531,0.989811
2068,927,19861,91.245565,825.282227,228.066406,177.434245,0.977729
2069,927,16232,616.521647,172.895711,185.924479,182.145101,0.938642
2070,929,3483,575.101725,807.924398,278.862630,196.334147,0.999301
2071,929,25469,14.898600,811.118001,377.880452,223.693034,0.975342
2072,929,31885,27.528483,38.030314,412.841064,494.041341,0.962044
2073,929,16232,601.922526,212.291829,185.646810,183.473104,0.934248
2074,930,3483,125.563782,272.791565,271.595886,189.253276,0.999192
2075,930,25469,574.254069,231.479106,370.127279,220.288879,0.981856
2076,930,31885,539.385579,687.883138,426.027344,510.184245,0.947140
2077,930,16232,162.912516,854.712158,195.646484,193.632324,0.936878
2078,931,1900,176.783122,268.453776,130.083740,200.275798,0.990068
2079,931,19607,165.001221,917.038330,161.336426,156.318522,0.985573
2080,931,29345,575.576823,716.107259,326.403320,425.767253,0.982197
2081,931,16551,478.674113,244.817200,485.428101,264.260763,0.970657
2082,932,19607,131.080933,885.317057,162.338460,159.377604,0.987117
2083,932,29345,548.282064,678.526815,327.564453,429.975627,0.985648
2084,932,16551,450.901815,221.635986,482.568075,269.691813,0.972106
2085,932,1900,157.931478,258.558838,128.942790,200.896484,0.971971
2086,933,1900,685.590658,804.163574,131.870768,209.784180,0.984179
2087,933,29345,119.055786,166.817464,309.803548,402.419027,0.981444
2088,933,16551,20.890137,735.572266,492.574707,280.346680,0.979539
2089,933,19607,665.827637,250.467936,156.532878,154.055298,0.978811
2090,936,19552,119.203186,194.771810,310.479350,494.100260,0.994440
2091,936,4377,655.872070,699.548503,217.709310,482.032064,0.989235
2092,936,2483,596.948893,105.719971,256.724284,454.314941,0.989075
2093,936,25438,110.733195,842.005046,261.838135,267.957031,0.983541
2094,937,4377,594.328451,704.076986,236.482910,467.565755,0.988548
2095,937,2483,621.923340,73.595256,195.561198,469.540243,0.982734
2096,937,3743,128.822266,812.517660,338.746582,331.307454,0.977588
2097,937,6191,121.304016,78.753092,300.668966,556.699219,0.971247
2098,938,4377,588.438477,701.957682,224.893229,453.005208,0.989170
2099,938,6191,125.160156,71.944987,294.338053,526.057332,0.986377
2100,938,2483,630.911133,33.139730,200.666016,485.641683,0.985371
2101,938,3743,128.139465,802.650391,329.741231,319.346354,0.982465
2102,940,3351,421.041260,897.974609,191.789062,193.306966,0.999557
2103,940,18147,203.515381,220.113017,221.295410,422.705098,0.993210
2104,940,16232,643.049316,320.324219,192.875326,191.764730,0.937053
2105,940,4999,326.204508,897.821696,189.389242,191.795247,0.003150
2106,941,3351,326.220500,140.838572,185.739665,190.608246,0.999985
2107,941,18147,514.685303,549.869832,215.408203,449.311157,0.994927
2108,941,16232,91.028524,710.545085,194.228719,196.041992,0.961130
2109,941,3351,324.037313,141.277415,67.902832,191.955251,0.010608
2110,942,3351,367.353109,198.652018,186.101481,185.260417,0.999989
2111,942,18147,552.972493,640.239868,218.460286,451.120809,0.995083
2112,942,16232,133.176717,799.513184,192.243164,190.876628,0.955842
2113,942,3351,367.209798,198.947998,73.042399,182.983846,0.112101
2114,945,3483,148.443400,218.283325,250.927083,224.558634,0.999383
2115,945,25367,629.400065,639.661702,322.432943,526.975098,0.989542
2116,945,20238,112.561523,857.001953,231.427572,226.586589,0.980143
2117,945,19861,637.099447,277.510905,222.808919,171.330160,0.971532
2118,947,3483,132.368245,288.627258,277.774170,173.659851,0.999032
2119,947,27652,671.813477,254.332764,220.923014,200.947428,0.987377
2120,947,28763,590.953776,886.455160,225.857585,213.621582,0.962307
2121,947,16232,140.873698,845.745524,198.530843,193.226074,0.951334
2122,948,3483,589.069661,842.863281,282.260905,174.629557,0.998979
2123,948,27652,94.443237,852.272786,223.085531,206.030436,0.984817
2124,948,28763,184.286438,178.911499,212.241231,200.885132,0.962895
2125,948,16232,647.515462,230.451050,193.607259,182.599772,0.960295
2126,949,3483,140.946879,288.289388,213.956034,258.068359,0.999260
2127,949,30308,504.276286,724.444417,419.865234,399.413411,0.985741
2128,949,20877,542.295329,294.129720,329.789714,237.366292,0.981431
2129,949,16262,110.597493,836.457357,248.622396,242.659505,0.976498
2130,950,3483,622.381185,717.190592,212.879557,272.329427,0.999407
2131,950,30308,72.974040,115.211507,398.791585,388.524007,0.989021
2132,950,20877,85.763916,724.340007,333.072835,242.544922,0.980574
2133,950,16262,600.522461,185.634196,239.420573,229.658285,0.979693
2134,951,3483,648.048503,750.627686,213.253906,265.894206,0.998879
2135,951,30308,86.718506,134.704956,411.383219,394.243449,0.985295
2136,951,20877,116.921021,768.196126,331.568604,232.557943,0.983413
2137,951,16262,628.225911,191.453125,246.025879,233.209188,0.977302
2138,952,3483,124.980001,272.773519,272.613098,189.601807,0.999205
2139,952,30308,559.205892,650.878866,392.696615,427.035197,0.986758
2140,952,25469,573.581299,231.431152,371.073405,220.983561,0.980979
2141,952,16262,167.362976,834.601562,252.015442,241.493164,0.978991
2142,953,3483,575.004557,808.413900,279.374837,195.450521,0.999317
2143,953,30308,46.866842,159.100606,373.132996,417.168925,0.982541
2144,953,25469,15.023478,811.353353,378.352458,223.859701,0.975883
2145,953,16262,545.339193,187.192708,240.972493,231.024170,0.974177
2146,954,3483,603.220215,843.097493,276.733398,191.987630,0.999071
2147,954,30308,61.034587,180.352722,384.355143,425.726868,0.987399
2148,954,25469,49.230530,858.600911,374.611023,216.945312,0.979943
2149,954,16262,572.649984,195.336426,245.164876,231.904744,0.973225
2150,956,27926,597.454102,670.342326,255.430176,487.043254,0.995906
2151,956,1900,157.985392,250.263509,203.514730,125.708130,0.987823
2152,956,19607,140.347860,862.446126,161.152018,155.364258,0.979643
2153,956,16551,595.241699,0.339844,312.605143,446.368327,0.971193
2154,957,27926,149.952148,141.589111,256.178955,461.051921,0.997084
2155,957,1900,631.824707,892.651611,209.046549,135.724121,0.988711
2156,957,19607,688.815918,298.854289,159.707357,149.840983,0.983649
2157,957,16551,81.291341,783.970052,313.960612,489.356445,0.972541
2158,962,1900,148.442403,241.071004,182.538228,180.440592,0.990017
2159,962,29451,473.478516,779.260010,404.312337,273.594564,0.988655
2160,962,19607,142.303141,847.047689,161.768555,159.575521,0.980416
2161,962,16551,623.007324,107.681966,285.435547,475.031250,0.966510
2162,966,31704,133.597880,127.544515,245.048197,422.571289,0.986943
2163,966,1900,656.628255,904.524577,213.328451,146.008789,0.984020
2164,966,18109,611.026367,219.796061,300.117188,283.608154,0.978747
2165,966,16548,126.935099,852.006836,244.271566,238.852214,0.978137
2166,967,3351,406.677083,886.048665,189.979655,194.233398,0.997840
2167,967,41768,126.145610,299.857218,261.926900,298.758301,0.986262
2168,967,29667,587.583577,305.601949,226.037760,223.902201,0.977406
2169,967,3832,587.749430,305.260946,226.394531,224.099202,0.001088
2170,968,3351,340.662354,153.676992,186.682292,190.771006,0.999935
2171,968,41768,559.304362,620.777262,269.178548,312.125000,0.987766
2172,968,29667,111.754395,696.085775,233.937419,234.417969,0.974275
2173,968,3351,341.083577,153.806478,129.876709,188.195190,0.208835
2174,972,27926,571.084310,625.344482,260.798177,493.128418,0.998719
2175,972,1900,140.138509,240.650146,200.183594,129.663330,0.991414
2176,972,21771,124.910767,773.568522,194.557943,191.700684,0.980898
2177,972,16551,570.896729,14.042887,333.927572,439.336304,0.972719
2178,973,1900,180.071635,266.492839,129.980448,200.798747,0.985178
2179,973,29345,612.320801,713.645508,287.017578,446.887370,0.984798
2180,973,21771,182.163411,884.226888,192.341797,185.941081,0.981302
2181,973,16551,570.364909,81.921916,304.168457,471.847982,0.965727
2182,974,21771,148.584086,848.445475,194.761536,192.034180,0.980470
2183,974,29345,584.489583,676.715495,287.539225,449.730306,0.978249
2184,974,16551,541.867025,72.957235,299.944010,459.963053,0.970072
2185,974,1900,160.800435,256.368612,130.527690,202.307454,0.967528
2186,975,1900,683.787760,806.225911,130.441732,208.609701,0.984736
2187,975,29345,118.861308,151.893758,273.245626,418.886637,0.981313
2188,975,21771,619.499674,249.833659,186.942383,182.106038,0.975288
2189,975,16551,104.986084,688.878418,319.922445,486.900716,0.962695
2190,979,3351,391.731771,154.906657,184.469482,190.930501,0.999975
2191,979,22074,585.255534,709.372233,186.107422,194.041504,0.995365
2192,979,18357,71.565430,546.250651,287.422526,337.943359,0.985732
2193,979,3351,390.681478,156.142812,46.775228,187.711192,0.002465
2194,980,3351,352.899333,870.726888,192.349772,194.482422,0.999970
2195,980,22074,169.823975,310.423096,187.322184,192.543620,0.986712
2196,980,18357,576.452962,303.282186,281.536133,324.103760,0.983775
2197,980,4999,169.136556,310.644430,189.234294,192.808940,0.101945
2198,982,13395,633.888590,675.802165,244.544759,518.317383,0.992553
2199,982,3743,116.522298,838.067790,331.795247,334.930990,0.983182
2200,982,2483,657.692871,115.237142,218.351888,471.577637,0.979468
2201,982,23222,100.921712,110.378418,301.481364,513.475179,0.974311
2202,983,13395,626.575195,677.855632,231.627604,496.111003,0.994186
2203,983,3743,116.449117,825.484701,322.962585,324.910156,0.984886
2204,983,2483,672.892741,77.559367,207.886393,488.297648,0.980559
2205,983,23222,99.960612,82.754395,301.084554,504.103678,0.971400
2206,984,2483,59.276123,643.650187,208.270955,491.023804,0.993877
2207,984,13395,81.556925,81.570109,235.304932,487.781901,0.991101
2208,984,3743,497.277588,126.524892,314.052246,303.437917,0.982154
2209,984,23222,537.601562,613.044230,298.301432,511.120809,0.977836
2210,985,1900,139.683105,219.942342,202.432454,148.692464,0.990320
2211,985,29451,521.574178,801.443848,420.939819,237.327799,0.989183
2212,985,24850,115.976359,739.051758,203.177897,284.051107,0.981386
2213,985,16548,575.613688,187.802653,234.438639,224.868408,0.959103
2214,986,29451,49.952148,231.075297,403.236084,232.334941,0.989456
2215,986,1900,632.173828,900.123698,210.383464,155.407878,0.988036
2216,986,24850,641.880208,257.948934,195.926107,268.510742,0.974753
2217,986,16548,142.709147,836.062174,245.437744,240.678711,0.972305
2218,988,3483,599.025635,868.514648,257.338542,231.623047,0.999370
2219,988,19861,124.196899,865.024170,223.298340,168.352376,0.976565
2220,988,22347,158.271159,182.185221,206.685954,197.755778,0.971847
2221,988,36637,617.233724,198.921387,270.082031,152.791056,0.970798
2222,989,3483,571.500977,836.642090,259.070964,233.801107,0.999167
2223,989,36637,588.929525,194.038900,261.762695,153.900838,0.981558
2224,989,19861,89.699300,825.495524,227.821370,177.087565,0.978735
2225,989,22347,142.070435,176.531250,201.878662,195.076253,0.965671
2226,990,3483,150.315877,217.740763,250.497559,223.282389,0.999299
2227,990,36637,93.810791,905.696289,276.053955,166.465332,0.979124
2228,990,19861,639.576009,277.638713,221.939290,170.640381,0.972158
2229,990,22347,626.586019,886.364258,215.068848,209.057943,0.970166
2230,991,3544,91.927897,223.267497,203.772624,199.846639,0.998325
2231,991,10220,584.168945,774.947103,226.802083,222.021159,0.989607
2232,991,21025,100.736694,820.596680,179.189535,181.053548,0.982175
2233,991,16548,571.944499,220.933879,233.296875,227.395386,0.961054
2234,993,3544,108.148458,234.304443,208.050273,199.442708,0.997743
2235,993,10220,611.213053,812.923177,223.423828,216.442546,0.988995
2236,993,21025,134.270772,853.744954,177.734029,179.918294,0.982080
2237,993,16548,599.868327,233.493164,236.177083,225.240153,0.962486
2238,994,3483,131.264018,288.601603,279.436178,174.250570,0.999054
2239,994,30308,508.376953,754.558838,391.060872,432.069824,0.986754
2240,994,27652,670.501872,254.352315,221.909180,201.718241,0.986348
2241,994,16262,116.738566,845.406006,252.382243,244.296224,0.975606
2242,996,3483,589.549154,842.462891,281.704102,175.391602,0.998779
2243,996,27652,94.443522,851.584961,223.382731,206.845052,0.985031
2244,996,30308,108.385498,74.518677,387.873454,424.194255,0.981057
2245,996,16262,621.799967,181.381063,243.728841,233.389201,0.971974
2246,997,1900,148.366638,240.759196,183.637838,180.194336,0.989801
2247,997,29451,456.472656,808.101888,423.843262,227.067057,0.989612
2248,997,21771,124.188965,804.603353,193.209147,190.844564,0.978533
2249,997,16551,586.089762,58.633545,280.752279,474.413940,0.968703
2250,998,29451,485.857910,844.769613,419.830241,223.029948,0.989648
2251,998,1900,167.086711,246.465495,183.748128,183.364095,0.983968
2252,998,21771,156.354594,838.563477,191.687805,188.930013,0.969331
2253,998,16551,614.819255,67.939616,291.320312,484.737142,0.968534
2254,999,29451,103.539225,234.307902,412.634847,223.806396,0.988171
2255,999,1900,642.225830,842.916992,191.497721,192.695312,0.981062
2256,999,21771,643.177734,289.902751,188.983398,183.353271,0.971535
2257,999,16551,79.997925,686.840495,296.434001,503.585775,0.960801
2258,1003,3483,607.188965,791.763184,272.785482,207.617839,0.998040
2259,1003,34597,37.956909,157.746663,447.737712,416.682780,0.990104
2260,1003,27733,122.346476,768.649414,316.733317,275.697591,0.985991
2261,1003,16232,645.836589,184.504924,195.217448,181.226034,0.959479
2262,1004,3483,123.448120,306.102397,271.321126,204.985819,0.999343
2263,1004,34597,507.650391,660.038778,459.855957,435.839152,0.989361
2264,1004,27733,562.609619,260.608236,304.878255,266.089518,0.983781
2265,1004,16232,139.299194,890.550049,200.182373,195.118001,0.954259
2266,1005,3483,579.154297,757.373372,273.967936,212.459635,0.998738
2267,1005,27733,83.894124,723.076009,331.222982,280.953451,0.990048
2268,1005,34597,21.939311,123.432048,441.192200,424.326253,0.987287
2269,1005,16232,618.339518,178.394246,190.755371,182.785319,0.953618
2270,1006,3483,603.158447,842.882975,277.255046,192.416667,0.999022
2271,1006,25367,43.728048,174.492452,446.561340,428.414042,0.988778
2272,1006,25469,50.356364,857.534098,375.031250,218.821126,0.978963
2273,1006,20238,616.718343,195.756592,227.112305,217.493083,0.977975
2274,1007,3483,574.543294,808.558431,279.899414,196.459635,0.999227
2275,1007,25367,29.930257,150.729594,432.257812,425.485657,0.988965
2276,1007,20238,588.611654,190.850260,223.541667,215.370524,0.976347
2277,1007,25469,14.475484,810.428385,379.511739,225.048503,0.974129
2278,1009,3483,574.999023,808.942871,279.588216,195.006510,0.999331
2279,1009,25469,14.634033,812.006348,379.250488,222.691732,0.976122
2280,1009,16262,545.475749,186.882935,241.841960,230.303345,0.974976
2281,1009,22347,79.226440,197.764811,199.667114,195.467041,0.959973
2282,1010,3483,603.722168,843.391764,276.183268,192.214681,0.999032
2283,1010,25469,50.100708,858.886882,374.468018,217.298340,0.982031
2284,1010,16262,573.234863,195.274455,246.020508,232.058716,0.973889
2285,1010,22347,94.036682,205.481812,205.258972,198.528158,0.962986
2286,1012,27926,570.750895,625.649618,261.173665,491.843709,0.999224
2287,1012,1900,140.867188,241.217896,198.825602,129.177124,0.992987
2288,1012,24850,136.752157,701.481364,189.302816,297.223145,0.984370
2289,1012,16548,611.326335,158.302439,231.945801,224.439301,0.980373
2290,1013,27926,147.343872,142.504761,257.434652,459.210531,0.996015
2291,1013,1900,632.387858,891.454427,209.628581,135.388346,0.989430
2292,1013,24850,636.450765,272.051676,179.650716,278.523763,0.978460
2293,1013,16548,104.731364,864.776449,242.371582,239.693522,0.976077
2294,1014,27926,598.359212,671.411540,256.000326,484.086914,0.998344
2295,1014,1900,157.969869,252.660726,202.640483,123.717855,0.988813
2296,1014,24850,170.905660,740.497884,182.095398,292.010417,0.980412
2297,1014,16548,640.027507,163.499349,238.363607,225.352132,0.975649
2298,1015,3483,648.679362,748.224935,212.901042,267.271810,0.998905
2299,1015,20877,117.333903,768.185221,332.034505,232.218424,0.983479
2300,1015,35206,658.606201,173.458964,231.059082,405.513041,0.981828
2301,1015,30308,66.822428,122.538167,400.132568,408.550456,0.979885
2302,1016,3483,141.354879,289.036662,212.624858,258.456950,0.999173
2303,1016,30308,535.888672,722.861491,409.139811,412.970215,0.987510
2304,1016,35206,96.825134,671.889323,236.841614,411.107259,0.981990
2305,1016,20877,542.268717,294.171448,329.209310,237.551290,0.979985
2306,1018,3483,122.974406,306.461568,272.094889,204.524760,0.999076
2307,1018,27733,559.515625,254.405701,302.948242,265.793925,0.987751
2308,1018,30308,441.669474,741.305990,471.984660,309.689779,0.979846
2309,1018,29667,86.887858,862.981283,233.173014,228.406087,0.954878
2310,1019,3483,607.264486,791.567708,272.626302,208.514811,0.997459
2311,1019,27733,128.422424,775.686523,314.014181,277.250977,0.985792
2312,1019,30308,93.163656,212.208150,459.407308,297.278666,0.972893
2313,1019,29667,667.313477,181.168620,227.898112,215.260498,0.954393
2314,1020,3483,579.125326,757.499186,274.163086,212.003906,0.998177
2315,1020,27733,90.397807,729.251790,328.411438,281.892904,0.988488
2316,1020,30308,77.866272,187.555094,446.894714,299.928467,0.982310
2317,1020,29667,637.879883,177.715820,221.335938,213.576172,0.916501
2318,1022,1900,147.982503,240.726807,183.684163,180.693604,0.990106
2319,1022,29451,34.436483,798.942057,424.673828,230.488281,0.988174
2320,1022,33208,581.429688,810.034180,216.651367,205.575195,0.971094
2321,1022,16551,622.119141,22.406169,286.725098,470.726400,0.966959
2322,1023,29451,69.205241,841.033122,419.505697,221.596029,0.988888
2323,1023,1900,166.301676,246.891439,184.459880,183.529053,0.983842
2324,1023,16551,653.127116,24.593424,294.794922,487.685628,0.970723
2325,1023,33208,609.491292,841.224528,213.791016,203.993978,0.962376
2326,1025,3483,140.952026,288.583089,213.784180,257.613363,0.999228
2327,1025,20877,542.361654,292.946635,329.395508,238.110331,0.983339
2328,1025,16262,109.260905,837.171387,249.075114,242.185547,0.977031
2329,1025,28763,643.065755,861.498861,223.608724,214.153320,0.960596
2330,1026,3483,648.109375,750.591146,213.480143,265.676758,0.998799
2331,1026,20877,116.271484,769.234863,332.707275,231.832357,0.984711
2332,1026,16262,628.910156,192.086670,246.396159,232.678589,0.979109
2333,1026,28763,134.345357,204.310791,213.506205,202.532715,0.969369
2334,1027,3351,352.291016,882.159668,192.243001,194.560710,0.998622
2335,1027,13900,190.336222,285.072754,198.486084,235.355794,0.971113
2336,1027,16232,601.787354,262.005168,186.498698,186.086182,0.941185
2337,1028,3351,391.994466,155.666707,185.220052,189.567912,0.999930
2338,1028,13900,554.095215,707.426758,205.042969,248.396484,0.976626
2339,1028,16232,135.905334,779.406250,191.572123,189.920573,0.944204
2340,1028,4999,303.026286,160.256643,182.937174,187.189606,0.001920
2341,1029,3351,434.514893,213.968221,186.608154,185.390137,0.999986
2342,1029,13900,592.983887,797.072917,201.350586,243.958008,0.974876
2343,1029,16232,178.469299,865.737793,189.053080,192.526367,0.950469
2344,1029,3351,433.800700,214.942749,47.848796,185.812093,0.001001
2345,1030,3483,579.647624,756.774007,273.968099,213.050781,0.998752
2346,1030,27733,85.399068,722.591634,330.336772,281.704264,0.990646
2347,1030,34597,45.145304,140.945007,446.141927,413.455872,0.985434
2348,1030,35206,568.055990,117.945475,255.726888,382.065267,0.930924
2349,1034,3483,148.627136,218.717733,250.624329,223.225423,0.999419
2350,1034,36637,93.219625,906.867025,277.022807,165.489909,0.972338
2351,1034,19861,637.613281,277.622640,222.071452,170.507243,0.970085
2352,1034,28763,648.247721,881.733887,224.414876,214.419434,0.966622
2353,1039,3483,603.311198,843.291667,276.672852,191.892253,0.998975
2354,1039,25469,49.752482,859.107585,374.724365,216.938802,0.983831
2355,1039,16262,573.258138,195.646769,246.102865,231.664429,0.974334
2356,1039,28763,126.219482,212.615397,214.221598,204.213175,0.970298
2357,1041,3483,124.865804,272.586995,272.755371,189.547770,0.999073
2358,1041,25469,573.469889,231.403280,370.817383,220.299154,0.981231
2359,1041,16262,166.312195,834.664469,251.881165,241.596842,0.979015
2360,1041,28763,651.125000,851.954753,223.449219,214.691732,0.963524
2361,1043,3351,313.438151,168.134359,183.886556,190.527588,0.999986
2362,1043,18357,51.462972,625.261556,271.277100,358.436361,0.987050
2363,1043,35206,511.717896,604.814494,248.456095,417.243449,0.982597
2364,1043,3351,313.660441,169.648234,66.323568,188.942057,0.002444
2365,1044,3351,353.055908,225.675822,185.290039,187.197347,0.999982
2366,1044,35206,552.030599,703.697266,241.966146,410.158203,0.983914
2367,1044,18357,93.326965,720.782878,269.010600,357.216960,0.983161
2368,1044,3351,353.860433,226.716838,101.456787,183.272909,0.010287
2369,1045,3483,622.143880,717.918376,213.524902,271.760091,0.999394
2370,1045,20877,42.388082,756.559082,327.195007,250.200195,0.983413
2371,1045,29667,594.853678,180.088704,220.216146,214.261190,0.968190
2372,1045,28763,133.007650,211.833008,210.225911,202.165771,0.965735
2373,1046,3483,647.366130,751.002441,213.758138,265.792643,0.998751
2374,1046,20877,74.062134,800.091634,327.943848,241.673991,0.982799
2375,1046,28763,150.871826,221.858439,214.329834,203.128988,0.979878
2376,1046,29667,623.127279,183.474080,224.943034,215.692464,0.965739
2377,1047,3483,140.912923,288.409993,213.556152,257.069824,0.999344
2378,1047,20877,588.272949,257.649902,325.523112,245.589681,0.983618
2379,1047,29667,133.568380,862.356608,230.233215,226.611328,0.959329
2380,1047,28763,626.568848,843.915527,221.374674,212.842122,0.952473
2381,1050,5093,135.421936,847.010824,280.900736,276.403158,0.992502
2382,1050,22362,607.776855,778.807943,254.631999,409.351888,0.990237
2383,1050,2483,649.854818,81.746379,200.179036,488.512492,0.987671
2384,1050,22626,92.040120,174.674357,337.891764,470.842529,0.972018
2385,1051,2483,86.706197,676.270467,235.783549,484.047567,0.994385
2386,1051,5093,551.065918,189.442546,274.601888,270.778239,0.993394
2387,1051,4377,133.883606,104.383626,218.840352,444.612061,0.987406
2388,1051,23222,488.852295,657.773031,384.062012,468.807129,0.977701
2389,1053,5093,103.196716,799.300944,282.467590,276.460612,0.991169
2390,1053,4377,590.973796,700.199544,215.348958,455.316732,0.986315
2391,1053,2483,617.334798,50.859375,218.604492,485.277588,0.982788
2392,1053,23222,77.197917,78.820679,379.558675,463.410563,0.966204
2393,1055,3483,571.172526,767.378581,275.758952,207.979818,0.998530
2394,1055,27733,79.981038,728.024414,334.048503,273.399089,0.989976
2395,1055,31885,56.547770,32.231934,424.423665,489.059082,0.963805
2396,1055,29667,646.643717,183.342773,221.622721,216.180664,0.911828
2397,1056,3483,599.274495,797.711589,273.683757,206.544271,0.998358
2398,1056,27733,117.620646,775.647786,320.665609,267.203125,0.985165
2399,1056,31885,67.552755,52.141927,444.456034,491.214518,0.967493
2400,1056,29667,676.240560,188.018840,228.024089,216.652547,0.932693
2401,1057,2483,607.485677,68.738159,246.273438,468.902913,0.987809
2402,1057,4377,641.829753,702.972656,221.605794,460.305339,0.987163
2403,1057,25438,109.894002,828.333496,256.417725,256.078776,0.984052
2404,1057,12778,80.448690,78.088501,333.767171,498.428263,0.977604
2405,1058,4377,656.887858,699.890218,214.804036,481.944661,0.989004
2406,1058,2483,596.734375,106.333862,256.709961,453.804769,0.988501
2407,1058,25438,110.781637,842.216960,261.543315,267.042643,0.983911
2408,1058,12778,87.092896,106.987854,326.953044,504.675802,0.975097
2409,1060,2483,114.953979,676.522135,214.811930,496.525553,0.995019
2410,1060,13395,110.132528,45.824422,248.745605,492.126912,0.990151
2411,1060,25438,555.341797,203.918579,248.231934,254.780273,0.980728
2412,1060,22626,528.119100,641.542928,359.784220,475.220744,0.975279
2413,1064,3483,602.839355,843.359049,277.735677,192.118490,0.998924
2414,1064,34597,59.548584,131.420369,450.236654,417.010579,0.983774
2415,1064,25469,48.947428,858.297526,375.578125,217.400716,0.979108
2416,1064,20238,616.481283,195.214396,226.680990,217.789429,0.979060
2417,1065,3483,124.574300,273.128296,273.051839,189.366536,0.999093
2418,1065,34597,486.748983,686.404134,460.670288,433.229492,0.987166
2419,1065,25469,573.249512,231.611165,371.566895,221.771240,0.982565
2420,1065,20238,139.532328,848.497233,233.763000,228.513997,0.976293
2421,1067,3483,132.216146,288.659078,278.304281,174.254415,0.999089
2422,1067,27652,671.615479,254.727458,221.048991,201.566895,0.987252
2423,1067,16262,117.228312,845.556641,251.138021,244.102376,0.972304
2424,1067,31885,555.653971,671.582601,405.881510,533.416178,0.954443
2425,1069,1900,623.226969,889.965413,206.623047,139.189290,0.985364
2426,1069,21025,136.853271,867.932292,180.868408,178.376953,0.975974
2427,1069,21771,115.804647,202.758626,190.746175,185.595133,0.972629
2428,1069,16548,642.370199,164.882965,238.588379,226.273041,0.969995
2429,1070,1900,174.138875,279.754557,204.740397,140.023275,0.989724
2430,1070,21771,685.559245,881.962077,200.043945,195.018880,0.984175
2431,1070,16548,101.964193,863.847412,242.586344,239.817057,0.970865
2432,1070,21025,673.175618,272.277100,178.187826,174.582601,0.957361
2433,1073,3483,536.395915,778.794759,266.722819,222.605469,0.999352
2434,1073,27777,142.556071,774.914714,182.046875,205.412435,0.973517
2435,1073,36637,635.343262,177.850016,183.050944,243.215942,0.969623
2436,1073,22347,115.744303,198.709554,201.534180,195.153483,0.968359
2437,1075,3544,102.092489,160.240468,203.324137,200.448497,0.999230
2438,1075,16551,93.730632,593.253499,338.335693,465.018717,0.973707
2439,1075,29870,603.124105,771.733561,207.305501,223.936523,0.957771
2440,1075,4543,609.859212,142.453776,205.092773,200.889282,0.955815
2441,1076,3544,668.843424,898.341960,216.243164,214.059245,0.997877
2442,1076,16551,534.791829,193.541361,328.504557,436.452942,0.977382
2443,1076,4543,133.634135,914.414551,214.236633,215.308919,0.974749
2444,1076,29870,167.676758,276.712138,206.834717,215.336772,0.958904
2445,1077,3544,118.141927,166.419963,206.527344,201.545532,0.998558
2446,1077,16551,127.444132,646.919067,332.841471,455.336955,0.975126
2447,1077,29870,629.598796,806.173991,205.860352,219.177246,0.958138
2448,1077,4543,639.653646,142.507609,207.789062,203.458700,0.946357
2449,1079,3483,645.732666,753.470622,213.137858,267.465495,0.998758
2450,1079,20877,71.957520,799.570882,327.067139,242.700846,0.982396
2451,1079,29667,624.332194,185.842041,225.089844,216.201335,0.963549
2452,1079,22347,119.514364,219.282349,206.072754,198.008097,0.962699
2453,1080,3483,618.961507,721.800618,214.316569,270.809896,0.999500
2454,1080,20877,39.291646,756.041341,327.606466,251.354492,0.982272
2455,1080,29667,595.678141,181.921590,220.478190,214.890177,0.968397
2456,1080,22347,103.775533,210.709880,200.496602,195.600382,0.958976
2457,1081,21025,124.968872,865.045085,180.480794,178.729980,0.977446
2458,1081,16551,479.538818,205.492432,464.121745,321.268311,0.970138
2459,1081,1900,609.225098,900.758789,207.880534,136.236003,0.954982
2460,1081,44198,90.888102,184.918864,259.084229,229.606567,0.943814
2461,1085,3483,622.954915,715.031657,212.671387,274.037760,0.998999
2462,1085,25367,34.339844,127.513265,437.812907,412.308105,0.989951
2463,1085,20877,84.711344,723.751302,335.559082,243.222656,0.973211
2464,1085,16232,625.909017,220.958659,189.677409,184.585693,0.957296
2465,1087,3544,133.330607,176.353516,203.755127,199.638509,0.997180
2466,1087,10220,623.697428,204.874512,220.304362,214.590169,0.989582
2467,1087,31704,570.497070,677.133586,252.095540,450.710002,0.988108
2468,1087,16551,86.978882,586.213745,292.330485,488.411743,0.941262
2469,1089,3544,634.956217,886.521159,213.948730,213.785156,0.995014
2470,1089,10220,106.752360,832.443685,230.496338,227.049316,0.989930
2471,1089,31704,150.269368,146.849121,250.001058,419.824788,0.988594
2472,1089,16551,583.546875,180.832845,289.039225,460.000244,0.955211
2473,1092,33009,567.314372,215.217102,320.434570,289.543477,0.996790
2474,1092,1900,652.041504,848.411458,210.676432,161.262044,0.985836
2475,1092,16548,84.123637,914.116048,245.549459,240.416992,0.954647
2476,1092,44198,134.894124,242.091431,244.561442,235.614176,0.940274
2477,1093,3483,148.505371,218.193766,250.722493,224.746948,0.999275
2478,1093,34597,501.303914,691.983073,459.171834,439.949870,0.988806
2479,1093,19861,637.137695,277.204549,222.720052,171.788818,0.970504
2480,1093,16262,99.224894,850.936198,251.635661,241.854980,0.967557
2481,1095,3483,599.854655,867.477946,258.832845,231.914876,0.999441
2482,1095,34597,46.217448,122.585083,447.622477,418.706746,0.988453
2483,1095,19861,125.734416,864.565918,223.552246,169.398763,0.975443
2484,1095,16262,637.683431,177.466715,244.508952,231.963786,0.975439
2485,1096,3544,91.279032,197.147542,204.549174,200.256185,0.998735
2486,1096,6562,165.249430,669.278402,221.027913,366.367676,0.984603
2487,1096,16551,477.160970,115.424449,454.546549,322.350494,0.968150
2488,1096,27993,547.125488,775.477214,310.757161,243.517578,0.949705
2489,1097,3544,107.446899,204.387085,208.582194,203.426107,0.998266
2490,1097,6562,197.006185,711.799479,217.973633,360.515299,0.984244
2491,1097,16551,505.049886,128.162354,459.734375,326.897949,0.963635
2492,1097,27993,575.409668,815.102214,306.911947,233.412435,0.953860
2493,1098,3544,678.301270,862.863932,214.767578,211.388021,0.998681
2494,1098,6562,583.412109,232.446859,211.864909,339.948730,0.982970
2495,1098,16551,21.336304,785.827962,468.462321,343.170898,0.975676
2496,1098,27993,125.104065,253.299520,295.790059,236.274821,0.947473
2497,1100,3483,536.446615,777.639974,265.903971,224.071777,0.999285
2498,1100,27777,143.295247,774.302083,180.610107,205.950195,0.974315
2499,1100,31885,54.979085,96.968669,417.662272,493.546468,0.971582
2500,1100,36637,635.697917,177.309652,182.697103,244.111003,0.963497
2501,1101,3483,565.122559,813.827799,260.913737,218.296061,0.999385
2502,1101,36637,664.741130,179.665731,187.192220,249.581217,0.971912
2503,1101,27777,177.263306,811.499837,173.597005,200.036458,0.970334
2504,1101,31885,67.191162,121.261759,436.691650,494.919515,0.966414
2505,1105,3483,607.876790,790.219076,273.284831,209.584635,0.997444
2506,1105,27733,123.393066,769.483236,315.170247,275.708333,0.989174
2507,1105,35206,600.080892,125.321004,259.931315,391.063721,0.969553
2508,1105,22347,111.591187,212.383545,206.728109,196.591634,0.968939
2509,1109,3483,589.703369,842.527995,281.972819,174.812826,0.999039
2510,1109,27652,94.912272,852.032878,223.489665,206.755859,0.984396
2511,1109,16262,622.783854,181.166423,243.565430,233.030314,0.974158
2512,1109,28763,138.813619,224.735392,214.193868,202.135010,0.959314
2513,1111,3483,561.422689,808.301107,284.609701,179.509115,0.998787
2514,1111,27652,60.397420,810.356608,225.624593,210.282715,0.981645
2515,1111,29667,603.347493,177.373250,219.121094,213.549845,0.969026
2516,1111,28763,114.545024,187.296997,209.958964,199.933797,0.955595
2517,1114,3483,131.506368,288.564433,278.826640,174.030457,0.999142
2518,1114,30308,557.389486,698.295247,399.906901,420.668620,0.987557
2519,1114,27652,670.954102,254.692790,221.583984,201.194987,0.987176
2520,1114,35206,104.544596,687.810872,205.335775,417.434896,0.983202
2521,1115,3483,561.805420,808.362630,284.787760,179.629069,0.998712
2522,1115,35206,646.753988,143.046631,202.193359,399.781006,0.985314
2523,1115,27652,61.223104,810.658203,226.367472,210.992188,0.982030
2524,1115,30308,41.524414,124.570597,378.873454,405.746948,0.981588
2525,1116,3483,589.626790,841.999837,282.059570,175.692220,0.998766
2526,1116,30308,53.596130,140.709208,390.404928,416.074483,0.986882
2527,1116,27652,94.381856,851.975260,223.845846,206.596029,0.984983
2528,1116,35206,677.593262,149.717041,205.514974,412.527262,0.978537
2529,1118,3544,677.780273,859.801432,215.402507,212.290039,0.995791
2530,1118,29870,197.638509,238.764750,171.310547,234.263000,0.964889
2531,1118,6562,589.086751,237.191671,209.650879,339.823385,0.960541
2532,1118,16548,102.743856,881.020508,241.997233,241.440755,0.950103
2533,1119,3544,108.222432,207.021525,208.246724,202.673258,0.994680
2534,1119,6562,193.916545,706.872233,215.254801,359.618490,0.980187
2535,1119,16548,643.789551,146.024241,237.488607,226.670746,0.965946
2536,1119,29870,633.295898,824.843099,168.723307,240.184896,0.961245
2537,1121,3483,125.892110,272.646383,272.056132,188.577169,0.999102
2538,1121,25469,575.033854,188.369059,330.619466,282.646566,0.982702
2539,1121,28763,620.142253,860.716471,221.290039,213.940430,0.971369
2540,1121,29667,137.098226,870.805908,232.174723,228.722493,0.960878
2541,1123,3483,123.892700,306.193217,271.539714,204.862447,0.999237
2542,1123,25367,492.982422,664.917236,447.801270,440.762858,0.988353
2543,1123,27733,562.793538,260.125163,304.580566,266.895671,0.983637
2544,1123,16262,152.170492,803.344727,249.228190,242.854329,0.972540
2545,1125,3483,607.040853,790.808105,272.784505,209.242188,0.998284
2546,1125,25367,62.054281,157.051697,447.586507,427.593486,0.988544
2547,1125,27733,122.413167,767.293132,316.977458,277.581055,0.988072
2548,1125,16262,588.953125,226.081034,244.514323,231.769714,0.974210
2549,1126,3483,143.629089,287.884440,211.533508,257.328857,0.999192
2550,1126,20877,544.406576,293.342407,328.309245,238.421549,0.983616
2551,1126,16262,111.597290,834.725749,247.314860,243.152018,0.974811
2552,1126,31885,514.109253,729.895101,455.538371,478.145182,0.965396
2553,1129,3483,123.691488,305.696554,271.254069,204.876770,0.999199
2554,1129,27733,562.580404,260.131205,304.999023,265.663879,0.985225
2555,1129,22347,680.830241,825.965983,214.491211,208.416992,0.973128
2556,1129,20238,111.431641,855.330566,234.256022,225.997721,0.968171
2557,1135,18109,79.637655,793.720703,303.046631,289.530924,0.986047
2558,1135,1900,151.004374,253.434448,198.055522,163.401123,0.985308
2559,1135,16551,606.533447,52.066081,286.374349,488.648722,0.977316
2560,1135,33009,547.242676,835.209310,376.074382,202.349284,0.951840
2561,1136,33009,89.582764,255.946818,365.002767,211.186279,0.990510
2562,1136,1900,643.749674,853.635579,204.297363,175.865885,0.981509
2563,1136,18109,611.183919,223.019165,299.912109,283.721598,0.975277
2564,1136,16551,89.520549,702.430013,298.448730,500.597819,0.969028
2565,1138,3483,563.370768,807.765625,284.203451,179.351888,0.998887
2566,1138,34597,30.101908,81.114583,371.715312,484.586751,0.987334
2567,1138,27652,62.973267,811.267578,226.896525,211.279297,0.981971
2568,1138,20238,593.780599,174.282837,221.903646,213.934692,0.980296
2569,1140,3483,590.676270,842.600911,282.077148,175.207682,0.998794
2570,1140,34597,42.641093,112.075480,384.184753,478.850505,0.991199
2571,1140,27652,95.991048,852.675618,224.624349,206.942383,0.984363
2572,1140,20238,621.882568,176.832601,226.068522,217.233195,0.978031
2573,1141,2483,67.403503,648.551392,298.957987,454.081746,0.994939
2574,1141,25438,556.676758,193.668050,247.899251,255.230713,0.985613
2575,1141,12081,66.364868,119.527710,226.064535,426.654989,0.980583
2576,1141,23222,569.037842,570.895549,299.297363,507.513631,0.979938
2577,1142,2483,577.200521,119.333394,294.434245,444.343608,0.989838
2578,1142,25438,121.171488,820.322428,256.412740,257.530924,0.987125
2579,1142,12081,645.082682,702.206787,244.480957,451.928223,0.986071
2580,1142,23222,66.997172,136.819600,301.581360,495.083964,0.981260
2581,1143,2483,567.133464,153.798625,301.814616,431.764079,0.990921
2582,1143,23222,72.021606,172.470133,296.725993,491.871501,0.986444
2583,1143,25438,122.891317,832.816243,262.384196,268.348145,0.984112
2584,1143,12081,653.654867,707.275879,253.636230,466.094727,0.984088
2585,1144,3483,603.784993,842.010824,275.655599,193.257324,0.998879
2586,1144,25469,50.021322,858.323405,374.416016,217.285482,0.978977
2587,1144,16262,573.340007,194.917114,243.975911,232.973185,0.969491
2588,1144,31885,53.881022,172.482605,441.528402,486.862610,0.967569
2589,1148,3351,384.212972,159.442373,184.927083,190.042084,0.999964
2590,1148,41768,556.250977,629.858317,269.845215,310.803711,0.987053
2591,1148,16232,146.707194,730.906494,195.130127,194.297689,0.952497
2592,1148,3351,384.461426,159.575836,117.405436,189.324148,0.054524
2593,1149,3351,426.803385,219.444010,185.405924,185.229818,0.999983
2594,1149,41768,596.645345,719.241862,266.110352,313.503906,0.989842
2595,1149,16232,189.558675,819.218262,191.592204,192.266276,0.949471
2596,1149,3351,427.169312,218.231893,97.514242,184.272502,0.015682
2597,1150,3483,563.616048,814.751139,262.968424,218.149251,0.999330
2598,1150,34597,79.532145,51.906820,407.506022,466.927450,0.990116
2599,1150,27777,176.223328,811.602376,174.991191,200.223633,0.971182
2600,1150,29667,628.683757,162.331614,223.492025,217.699554,0.960004
2601,1153,3483,600.749023,867.856283,257.668945,231.585286,0.999418
2602,1153,19861,125.834798,865.381673,223.231852,168.465820,0.975230
2603,1153,22347,144.667684,209.601278,205.453288,197.158122,0.965200
2604,1153,16232,644.456136,175.414103,192.125163,186.436646,0.945840
2605,1154,3483,573.204102,835.866048,259.958984,233.196615,0.999172
2606,1154,19861,91.424540,825.956543,227.456075,177.060547,0.978472
2607,1154,22347,128.048910,201.856364,200.804362,194.553792,0.962826
2608,1154,16232,615.937337,172.548218,188.199219,181.191935,0.938843
2609,1155,3483,149.071370,219.063517,249.774821,222.487020,0.999491
2610,1155,19861,637.977376,277.471354,221.208333,170.408285,0.969890
2611,1155,22347,641.463867,860.042480,212.730306,208.357585,0.967573
2612,1155,16232,142.800517,898.574707,199.250020,193.828776,0.944049
2613,1156,3351,392.043620,856.560384,190.852539,192.973796,0.999686
2614,1156,16262,573.678223,308.164144,241.600586,235.481527,0.982957
2615,1156,13900,183.499471,284.698385,205.004557,229.129740,0.975142
2616,1156,28763,574.552490,308.380371,240.284505,235.457357,0.001322
2617,1157,3351,354.275635,180.672119,186.014486,190.911662,0.999941
2618,1157,16262,110.636739,673.893066,250.596334,249.541016,0.983098
2619,1157,13900,554.117676,714.609375,212.715820,243.702474,0.974387
2620,1157,3351,354.937337,180.513387,114.890951,188.922201,0.004603
2621,1158,3351,396.358398,242.579590,185.542806,183.333740,0.999958
2622,1158,16262,153.589600,765.395182,244.377848,241.012858,0.984223
2623,1158,13900,593.193197,804.975911,208.673828,238.547689,0.968466
2624,1158,28763,155.401754,767.176432,241.842794,236.867188,0.001279
2625,1159,3351,401.492188,806.991618,190.827962,193.052572,0.999969
2626,1159,18357,151.900981,297.487406,240.927551,359.973938,0.984288
2627,1159,16232,644.710124,293.109762,194.855957,198.043640,0.930299
2628,1159,3351,401.568441,807.934977,121.884928,190.585124,0.021165
2629,1161,3351,386.271484,278.892883,184.926107,186.043640,0.999992
2630,1161,18357,583.948730,612.457845,243.983073,377.247233,0.989097
2631,1161,16232,130.902588,814.791667,191.708903,191.291341,0.953298
2632,1161,3351,387.269613,279.068441,105.740885,184.244792,0.131247
2633,1163,3544,118.560933,186.059001,207.931335,201.589030,0.998358
2634,1163,10220,654.787516,198.814168,228.396810,215.680054,0.990149
2635,1163,29451,494.500081,801.249349,408.337891,245.240560,0.987913
2636,1163,16551,40.078776,601.088216,306.862142,475.107096,0.968553
2637,1164,3544,102.371460,180.851644,203.871419,200.768514,0.998894
2638,1164,10220,627.067383,191.262004,221.620768,216.857625,0.988984
2639,1164,29451,465.323649,763.469076,413.249186,251.795736,0.985803
2640,1164,16551,10.413045,551.972168,306.714803,485.540853,0.969837
2641,1166,3483,125.844482,273.013855,272.540690,188.906718,0.999053
2642,1166,25367,569.453288,679.444092,392.240234,494.179362,0.987034
2643,1166,25469,574.469157,186.778687,331.107747,285.013550,0.983741
2644,1166,36637,131.267212,827.884440,180.203369,264.937988,0.970496
2645,1167,3483,602.619954,844.376139,277.065755,191.300456,0.998994
2646,1167,25367,44.238037,86.647786,392.102702,481.319336,0.989547
2647,1167,25469,87.789062,828.417318,341.376709,302.578288,0.987496
2648,1167,36637,673.005208,172.555176,176.053385,254.595378,0.973100
2649,1168,3483,574.480957,810.067790,278.689779,193.685221,0.999222
2650,1168,30308,42.851969,14.237630,349.972819,430.898275,0.984437
2651,1168,25469,51.911296,787.219564,346.717692,301.003906,0.982797
2652,1168,29667,590.537272,167.980306,219.840495,217.215413,0.965722
2653,1170,3483,602.844889,843.779297,276.113281,191.867839,0.999055
2654,1170,25469,88.156250,829.051270,339.047852,300.566406,0.987495
2655,1170,30308,52.678141,22.254801,366.101644,442.142578,0.978335
2656,1170,29667,618.656738,171.991903,225.142578,217.093628,0.965454
2657,1171,3544,122.407959,182.397583,202.048421,199.847290,0.998041
2658,1171,10220,92.653117,789.006510,225.435384,220.252279,0.988839
2659,1171,4543,639.792074,150.958822,202.032389,200.858317,0.974338
2660,1171,16548,579.942383,745.511393,240.523600,234.709961,0.969286
2661,1173,3544,647.236410,876.646403,214.298014,213.648763,0.996418
2662,1173,10220,642.961751,263.135254,220.005859,210.576579,0.985419
2663,1173,16548,160.572754,285.612793,231.865072,224.736979,0.970158
2664,1173,4543,105.203044,906.757812,214.755534,212.589844,0.955851
2665,1174,3483,132.232096,288.662069,279.417074,174.184977,0.998951
2666,1174,27652,672.440267,255.035380,221.185221,201.390808,0.987317
2667,1174,30308,573.488770,758.276693,396.848633,429.190430,0.985797
2668,1174,29667,123.521769,864.847493,233.997721,228.146810,0.961677
2669,1176,3483,587.846436,842.548177,282.543294,175.305013,0.998729
2670,1176,27652,93.671997,851.081055,223.444661,207.168620,0.984991
2671,1176,30308,41.060710,73.544271,389.614095,422.605957,0.981404
2672,1176,29667,632.227702,180.638346,224.230794,215.202962,0.967850
2673,1178,3483,538.698730,779.140788,265.458984,224.740234,0.999330
2674,1178,20238,576.043132,189.948893,221.660482,216.013184,0.976961
2675,1178,27777,143.870382,776.372884,180.665833,206.102214,0.973358
2676,1178,31885,103.439901,45.966431,402.211995,504.389486,0.966090
2677,1180,3351,393.564128,914.970296,192.828532,195.532389,0.999912
2678,1180,19232,494.649943,232.981527,330.461222,257.920329,0.995399
2679,1180,21325,189.044861,305.977295,168.612284,227.653239,0.966847
2680,1184,1900,188.186442,274.779948,201.838867,134.760498,0.991436
2681,1184,24850,671.168945,827.198893,191.985677,305.172526,0.981566
2682,1184,21025,685.216390,274.822835,177.838053,173.463623,0.965267
2683,1184,16548,144.980062,878.695964,243.516439,239.816243,0.964561
2684,1185,1900,609.929769,902.174642,206.756348,134.709961,0.989737
2685,1185,24850,134.034627,143.127726,190.411458,292.681763,0.985425
2686,1185,16548,601.979167,151.317668,236.901693,224.659953,0.976607
2687,1185,21025,125.163147,865.438232,180.315938,177.940592,0.976285
2688,1186,2483,84.474467,676.820841,240.740540,482.706014,0.995476
2689,1186,5093,551.467448,189.542969,273.722656,269.446859,0.993415
2690,1186,4377,134.681539,104.767456,216.974792,443.728312,0.988191
2691,1186,19552,511.939535,559.454956,319.091471,489.827759,0.987505
2692,1187,19552,111.598633,157.621175,319.189372,490.600586,0.992666
2693,1187,5093,103.433289,799.165365,282.143697,277.047363,0.990426
2694,1187,2483,615.560710,52.281331,223.753906,483.163411,0.986733
2695,1187,4377,591.116862,700.888509,215.222005,454.619466,0.986730
2696,1189,2483,591.364746,71.138387,247.986165,476.670451,0.991848
2697,1189,12081,598.447917,705.458659,238.049154,455.567708,0.983616
2698,1189,3743,118.381999,784.634277,324.796712,322.254883,0.982758
2699,1189,22626,101.614502,135.418416,308.921387,482.886312,0.970392
2700,1190,2483,586.162272,102.634033,236.428060,468.729655,0.987776
2701,1190,3743,119.109701,797.041992,331.047445,329.052734,0.982720
2702,1190,12081,609.602376,712.590088,242.011068,471.521810,0.981213
2703,1190,22626,105.658997,164.602905,303.912944,488.024658,0.966237
2704,1191,2483,87.765259,661.514974,261.684652,480.628581,0.994992
2705,1191,3743,494.604004,167.065501,314.160319,299.934011,0.984836
2706,1191,12081,107.467773,105.844482,228.944906,434.959432,0.982073
2707,1191,22626,530.604045,586.417806,309.490519,489.146973,0.972308
2708,1192,1900,644.268066,853.296143,204.490885,176.321615,0.988209
2709,1192,33009,89.598633,255.078939,365.850749,211.193848,0.987047
2710,1192,24850,641.411458,206.823120,184.206706,275.204508,0.977382
2711,1192,16551,84.781962,693.736979,296.116720,502.036296,0.963378
2712,1194,1900,150.735046,253.003459,197.295715,163.931234,0.988393
2713,1194,24850,164.261393,817.619059,181.749593,292.410807,0.981677
2714,1194,16551,612.358236,61.450806,289.237305,483.478149,0.965836
2715,1194,33009,548.312174,835.729167,376.050781,200.939128,0.959665
2716,1196,3483,172.288493,276.228577,259.896159,218.064799,0.999020
2717,1196,35206,138.578369,707.559733,241.990804,410.089844,0.979541
2718,1196,27777,637.095866,292.298421,176.040039,197.318685,0.976544
2719,1196,28763,613.658691,886.421549,224.551432,214.612956,0.965763
2720,1197,3483,567.225260,811.667155,262.501953,219.553060,0.999317
2721,1197,35206,613.904297,141.159709,226.196452,402.667887,0.983880
2722,1197,27777,179.045980,813.925293,174.421875,199.025065,0.975054
2723,1197,28763,162.462931,177.876017,213.372070,203.017497,0.964746
2724,1198,3483,567.048014,815.558512,261.967448,218.534993,0.999161
2725,1198,20238,603.854980,196.438883,226.784831,215.371745,0.976350
2726,1198,28763,130.100179,214.608480,212.026530,202.785685,0.973944
2727,1198,27777,178.188639,814.970296,174.737793,199.617676,0.972217
2728,1199,3483,172.690959,273.596110,260.654053,217.800537,0.999149
2729,1199,20238,151.759705,850.506185,232.478007,225.950521,0.978246
2730,1199,27777,638.254232,291.274292,175.779622,196.879883,0.975511
2731,1199,28763,648.918945,850.622721,220.692871,214.268229,0.950780
2732,1201,3544,143.501587,188.896281,203.551025,198.300781,0.998556
2733,1201,21025,102.501912,821.739909,178.779785,181.076172,0.981350
2734,1201,12247,582.280192,813.955078,212.167480,155.927409,0.977560
2735,1201,16548,584.841634,212.712362,233.118490,224.871338,0.968536
2736,1204,3351,392.030436,859.981934,192.800456,194.829427,0.996014
2737,1204,22074,687.632975,262.967082,180.787109,186.091634,0.992924
2738,1204,32310,67.313436,211.429708,344.296305,261.020813,0.974694
2739,1204,4999,686.796305,263.494792,183.067383,186.446533,0.001089
2740,1206,3351,394.880371,222.735229,185.688070,186.400431,0.999979
2741,1206,22074,93.346598,852.069173,185.357585,190.157552,0.993304
2742,1206,32310,566.513346,815.787109,357.736979,272.152181,0.988457
2743,1207,3483,172.003479,277.144084,260.008321,215.261882,0.999359
2744,1207,22347,686.385905,813.016927,212.505859,206.431641,0.978350
2745,1207,27777,637.453206,292.687663,175.550781,196.177002,0.976420
2746,1207,16232,151.219177,826.442871,193.458476,193.510742,0.937243
2747,1209,3483,567.608317,812.811361,262.025228,218.674805,0.999471
2748,1209,27777,179.019043,813.747965,174.497884,199.222005,0.974125
2749,1209,22347,100.782471,260.092855,206.319987,197.997314,0.969450
2750,1209,16232,641.634115,249.950765,190.198893,182.970866,0.954051
2751,1210,3483,648.174479,748.047201,213.877604,268.282552,0.998765
2752,1210,34597,66.457784,139.241374,472.814107,387.920980,0.987166
2753,1210,35206,656.376139,173.151021,231.874349,405.781596,0.980426
2754,1210,20877,116.093526,768.377604,334.054504,231.423177,0.978766
2755,1212,3483,140.671468,288.695984,213.312500,259.243632,0.998872
2756,1212,34597,455.638835,707.473633,481.299805,403.252930,0.986488
2757,1212,35206,96.916504,671.793905,236.352458,411.071330,0.984640
2758,1212,20877,542.399658,294.731934,329.184896,237.522298,0.980145
2759,1213,5885,592.472656,679.144531,235.396810,494.539225,0.986735
2760,1213,2483,662.673014,59.610026,201.445638,488.827393,0.986020
2761,1213,25438,127.737569,835.470215,257.607076,256.919596,0.984331
2762,1213,22626,101.763977,3.424357,318.317078,484.436157,0.964381
2763,1214,2483,651.678548,95.263224,202.789062,476.775798,0.987993
2764,1214,5885,599.275228,681.238851,244.680013,508.424154,0.984094
2765,1214,25438,129.175151,848.071615,263.052226,268.321615,0.982158
2766,1214,22626,106.819377,29.601359,311.137451,498.646891,0.965415
2767,1216,27926,158.436869,172.762044,263.674133,455.226481,0.998984
2768,1216,3544,660.659017,865.518636,213.948893,212.371419,0.998974
2769,1216,10220,130.972941,845.310221,229.387777,226.943359,0.987307
2770,1216,16551,616.357178,180.292847,285.741374,460.529297,0.970183
2771,1219,3544,103.818787,241.357625,203.975728,200.436442,0.999191
2772,1219,10220,648.666178,207.667196,221.213542,215.436279,0.989838
2773,1219,29345,576.910970,666.032837,284.939453,449.524129,0.980018
2774,1219,16551,65.144613,578.410726,335.944824,467.062826,0.974237
2775,1220,3544,121.151388,252.304301,207.225403,201.170227,0.998613
2776,1220,10220,677.850260,216.928630,227.340169,214.154053,0.987031
2777,1220,29345,604.750977,703.619954,282.742513,445.035482,0.977906
2778,1220,16551,92.413249,630.183309,338.401123,454.703735,0.975608
2779,1222,3483,562.475098,808.406738,284.119466,179.522624,0.998661
2780,1222,25367,93.586019,103.582926,325.301351,494.620280,0.987930
2781,1222,27652,61.299194,810.309733,226.868815,211.926270,0.982394
2782,1222,36637,614.401286,202.734660,186.457194,244.064779,0.964414
2783,1224,3483,590.041016,842.472900,281.388346,175.160645,0.998650
2784,1224,25367,116.762329,119.306905,326.961914,507.523905,0.987553
2785,1224,27652,94.995728,851.436361,223.467367,207.767253,0.985303
2786,1224,36637,642.425618,207.094523,189.829753,248.650879,0.966318
2787,1226,3483,600.807943,866.687988,257.465169,232.424967,0.999418
2788,1226,35206,579.806803,96.537191,291.469076,377.467367,0.985183
2789,1226,19861,125.744975,864.800130,223.160950,168.931315,0.975873
2790,1226,31885,120.837179,9.548136,324.815247,542.968506,0.955133
2791,1227,3483,149.362712,217.791870,249.266764,225.148071,0.999296
2792,1227,35206,109.206258,774.652832,302.110921,390.498535,0.982185
2793,1227,19861,638.084961,277.145752,221.318685,171.224609,0.968975
2794,1227,31885,545.897949,691.771322,333.822103,558.222656,0.952221
2795,1232,3483,145.318115,286.089030,211.948079,257.473958,0.999258
2796,1232,20877,592.371582,256.997437,324.729167,247.661865,0.986464
2797,1232,29667,133.469320,859.198568,229.412435,226.462565,0.958749
2798,1232,31885,541.917480,657.468750,407.835286,526.874512,0.947283
2799,1235,1900,150.855509,252.611003,197.046549,164.523275,0.987469
2800,1235,21771,160.265320,805.097493,191.093892,187.053385,0.976904
2801,1235,16548,619.307048,143.980499,241.487305,229.452728,0.966494
2802,1235,33009,547.332682,836.964193,375.905924,201.089030,0.923208
2803,1237,31704,170.370158,684.802409,251.049398,446.727051,0.987420
2804,1237,16548,614.462402,189.050171,237.139648,225.739339,0.972566
2805,1237,44198,634.923503,800.653158,160.231283,281.180990,0.947079
2806,1237,1900,106.057454,269.863037,202.438395,124.826782,0.890127
2807,1238,31704,571.452311,177.937500,245.715495,418.627686,0.990975
2808,1238,1900,684.420410,878.196615,211.210938,133.148763,0.978206
2809,1238,16548,132.591451,842.816081,242.574565,238.474609,0.976430
2810,1238,44198,207.307414,230.914408,159.175700,272.351379,0.948886
2811,1239,31704,137.585510,642.837891,252.796570,452.085286,0.984860
2812,1239,16548,585.986003,180.975301,233.054362,227.018433,0.976198
2813,1239,44198,605.618490,769.525065,167.553711,285.823242,0.959476
2814,1239,1900,89.012736,258.875081,197.999878,128.601888,0.878265
2815,1242,29345,89.552592,703.883057,289.551086,450.769368,0.986623
2816,1242,16551,545.002279,91.014486,287.796549,467.189412,0.964657
2817,1242,44198,636.771647,804.843180,163.511393,288.617025,0.954037
2818,1242,1900,157.564006,258.110209,129.124349,200.064433,0.931694
2819,1243,3483,607.923828,790.482585,272.593750,209.205404,0.997159
2820,1243,27733,123.380676,768.369303,315.712748,276.363281,0.989054
2821,1243,30308,65.787109,136.789958,379.547770,429.798747,0.985064
2822,1243,35206,597.613037,125.672729,262.083008,390.604207,0.971495
2823,1244,3483,122.748332,306.873210,271.657959,204.302897,0.999040
2824,1244,27733,562.247640,260.100769,304.707031,265.917786,0.984722
2825,1244,30308,559.984375,689.687826,386.466471,432.958008,0.983483
2826,1244,35206,122.044637,733.515462,273.994710,401.661458,0.980582
2827,1245,3483,579.629150,757.097982,273.952148,212.805990,0.998252
2828,1245,27733,85.503133,722.424316,329.451579,282.326497,0.990470
2829,1245,30308,52.005432,119.351481,369.169454,419.109660,0.982686
2830,1245,35206,570.220052,117.623047,253.656576,381.423543,0.885215
2831,1246,3483,537.870117,778.828125,266.817383,224.279622,0.999259
2832,1246,34597,55.815186,75.354696,397.034342,470.305257,0.990572
2833,1246,16262,573.818522,185.695028,241.112956,230.453898,0.977599
2834,1246,27777,143.334208,776.139323,181.402527,206.137207,0.973518
2835,1248,3483,173.296285,273.953023,260.901062,218.139018,0.999035
2836,1248,34597,522.567017,663.675374,419.071004,482.016927,0.991564
2837,1248,27777,639.118652,291.653870,175.484863,197.557963,0.977128
2838,1248,16262,136.633321,835.752441,251.751607,242.278483,0.974899
2839,1250,5093,105.079753,812.302246,286.727214,283.324870,0.989188
2840,1250,4377,597.650391,700.618327,224.301758,472.127604,0.986899
2841,1250,2483,609.501465,82.743245,215.337402,478.811605,0.986196
2842,1250,12778,99.175944,48.243815,303.812500,542.279541,0.966312
2843,1251,2483,83.795085,677.004720,240.825521,483.389974,0.995667
2844,1251,5093,551.345378,189.536743,274.334635,270.291992,0.993532
2845,1251,4377,133.614726,104.640096,218.596212,444.244059,0.988581
2846,1251,12778,545.231120,650.884562,299.702148,526.197957,0.977848
2847,1252,3483,645.816243,753.244954,212.689128,267.453125,0.998846
2848,1252,30308,76.085368,79.461100,397.104085,413.767375,0.982751
2849,1252,20877,72.529338,798.500570,327.188151,243.723633,0.980728
2850,1252,29667,624.005046,185.281209,224.753092,216.544678,0.957884
2851,1254,3483,619.662272,720.892741,213.590983,271.414388,0.999461
2852,1254,30308,63.045715,65.152791,384.445984,403.722900,0.987094
2853,1254,20877,39.964315,755.598796,326.745117,251.985352,0.979360
2854,1254,29667,596.266439,182.145589,219.386393,215.079386,0.957843
2855,1256,31704,134.566630,128.187419,240.462748,421.388835,0.987740
2856,1256,19607,656.295085,271.380127,156.929688,150.941976,0.980295
2857,1256,1900,644.636393,828.093506,170.740560,202.705566,0.966858
2858,1256,16551,92.596822,661.911255,303.363302,489.935913,0.957603
2859,1261,3483,589.118896,843.100260,282.191081,175.566732,0.998805
2860,1261,27652,94.228414,852.154948,223.248881,206.537109,0.984263
2861,1261,22347,140.417277,168.488566,205.628418,197.378906,0.964149
2862,1261,16232,647.653158,230.521118,193.361328,182.903687,0.956906
2863,1262,3483,561.766113,809.046794,284.421224,178.586426,0.998956
2864,1262,27652,60.941406,811.208496,225.616781,209.933594,0.980985
2865,1262,22347,125.816040,164.270142,199.320964,193.802287,0.963193
2866,1262,16232,619.438151,220.998535,189.174479,183.060303,0.954134
2867,1263,3483,132.136149,288.718831,278.438232,173.556396,0.999059
2868,1263,27652,672.116699,254.547770,220.364909,200.797363,0.987168
2869,1263,22347,645.469238,901.927572,214.638835,208.277669,0.967944
2870,1263,16232,140.635905,845.607666,198.868815,192.919759,0.950158
2871,1264,3351,391.238037,860.047689,190.715576,194.307943,0.999947
2872,1264,31863,638.064779,320.406738,205.871582,206.427490,0.996153
2873,1264,36637,226.744548,316.568014,205.146484,241.687195,0.976024
2874,1265,3351,356.127360,176.155599,184.998047,190.645345,0.999901
2875,1265,31863,81.781698,704.817220,208.412354,213.099284,0.996404
2876,1265,36637,506.581380,661.261922,209.938639,252.318319,0.976762
2877,1265,4999,259.384684,175.419108,190.264811,193.775594,0.002570
2878,1269,3351,361.041585,232.399740,185.144694,184.939168,0.999979
2879,1269,13900,616.902018,761.802897,178.466960,260.874512,0.983846
2880,1269,36637,220.466471,771.307129,208.911947,236.664551,0.979401
2881,1269,3351,362.975586,233.062215,121.617350,182.518148,0.006418
2882,1270,27926,147.898193,142.794434,257.997152,460.238932,0.997750
2883,1270,1900,631.811686,893.258464,210.862956,135.147135,0.988065
2884,1270,18109,639.312744,270.810059,305.287435,284.676921,0.980843
2885,1270,16548,115.096069,851.106445,244.149821,240.226074,0.968385
2886,1272,27926,596.879720,668.827108,255.770182,487.547241,0.998573
2887,1272,1900,157.460917,250.284587,203.612488,125.006470,0.988547
2888,1272,18109,48.049744,740.155355,306.362610,287.841309,0.973971
2889,1272,16548,629.047201,176.597087,239.518880,226.835775,0.972043
2890,1273,2483,107.378499,676.262126,229.558919,495.264974,0.995465
2891,1273,13395,106.706543,43.800863,250.674072,493.675171,0.991716
2892,1273,6191,545.750977,591.145752,292.667318,530.010579,0.983449
2893,1273,25438,554.003255,202.861572,248.458333,254.511800,0.981674
2894,1274,13395,590.150798,712.877116,238.937826,502.525065,0.992474
2895,1274,25438,123.510640,810.569824,255.351746,258.139974,0.987828
2896,1274,6191,101.319092,80.419271,298.902507,525.461507,0.984326
2897,1274,2483,598.388672,41.538981,221.014974,489.832926,0.969066
2898,1278,3351,416.173991,255.362956,185.811686,184.876383,0.999983
2899,1278,3832,150.941427,602.100911,309.607239,421.101888,0.986932
2900,1278,38162,620.416504,702.729574,190.188151,298.796549,0.969491
2901,1278,3351,417.248617,254.047852,188.701172,260.057373,0.013880
2902,1279,31704,122.798645,131.850179,244.070007,423.697103,0.986000
2903,1279,1900,647.447591,857.223551,210.303711,155.506999,0.977908
2904,1279,21771,674.959310,285.738892,187.100911,183.837728,0.971258
2905,1279,16551,89.611410,765.644857,299.555094,502.173340,0.952944
2906,1280,1900,123.220439,260.285319,199.261902,148.867432,0.988155
2907,1280,31704,602.527832,689.583659,257.422201,454.827474,0.985651
2908,1280,21771,90.655396,809.924642,195.542887,190.919922,0.979130
2909,1280,16551,573.463786,0.000000,281.783691,454.847209,0.942285
2910,1282,2483,58.590942,642.959880,209.088704,491.203288,0.993768
2911,1282,19552,507.914551,588.521281,310.548828,499.193400,0.993387
2912,1282,13395,80.983785,81.768962,236.332703,487.696289,0.991096
2913,1282,3743,497.579671,126.694784,313.399414,302.635824,0.981748
2914,1284,13395,626.445150,677.053548,232.452148,496.655762,0.994584
2915,1284,19552,120.710856,117.705811,315.565186,499.116374,0.994262
2916,1284,3743,116.744792,825.648926,322.310384,325.098633,0.985707
2917,1284,2483,672.803874,77.008993,208.526367,488.777466,0.981823
2918,1290,18109,43.530416,723.909180,311.848653,297.618001,0.982973
2919,1290,29345,590.939941,533.241048,272.153483,447.097168,0.974368
2920,1290,1900,160.493693,256.382996,130.484294,202.297994,0.969948
2921,1290,16548,536.726237,138.645182,235.097656,227.203084,0.965042
2922,1293,3483,538.603678,779.270020,266.307943,224.096029,0.999447
2923,1293,30308,113.157572,84.530273,313.609517,448.620361,0.978364
2924,1293,20238,575.488770,190.969360,223.079102,214.328817,0.977289
2925,1293,27777,144.002421,776.535970,181.186544,206.454102,0.972815
2926,1294,3483,589.458984,841.970378,282.090820,175.819010,0.998797
2927,1294,34597,11.099813,43.720378,422.299642,455.588053,0.989630
2928,1294,27652,94.422852,851.858317,223.512614,206.969238,0.984099
2929,1294,35206,676.884928,148.922221,205.772135,413.833639,0.977220
2930,1295,3483,561.628092,808.260742,284.876790,179.812174,0.998785
2931,1295,34597,3.834147,16.676717,405.314453,462.342773,0.992044
2932,1295,35206,645.522461,142.500468,203.886556,401.667989,0.985250
2933,1295,27652,60.861450,810.952799,226.329997,211.075358,0.981732
2934,1296,3483,131.884318,288.383219,278.702474,174.310384,0.998881
2935,1296,34597,570.063639,731.103027,405.936361,478.103841,0.989947
2936,1296,27652,670.512044,254.122111,222.071615,202.145426,0.986907
2937,1296,35206,105.331136,686.994954,204.311035,419.144694,0.983366
2938,1297,3544,644.935384,918.788574,215.937174,215.669596,0.998051
2939,1297,4543,157.710266,889.586589,213.519226,213.817871,0.972365
2940,1297,16548,152.748535,244.990438,232.076579,225.634277,0.961924
2941,1297,12419,687.802897,272.478760,184.737305,175.308594,0.932827
2942,1298,3544,139.587097,145.390910,207.950500,201.139282,0.998724
2943,1298,16548,616.848633,828.165202,236.992839,229.575521,0.957771
2944,1298,4543,616.762370,169.559814,207.541829,200.771444,0.954348
2945,1298,12419,116.172017,862.351074,188.151550,179.909831,0.926813
2946,1300,3483,588.382650,842.450195,281.512370,175.350586,0.998641
2947,1300,27652,93.492716,850.733561,223.321208,207.642090,0.984374
2948,1300,31885,73.375977,124.040446,465.974935,469.510091,0.971254
2949,1300,29667,631.608073,180.068807,224.259115,215.889445,0.965622
2950,1302,3483,562.058594,807.715413,283.517904,180.136556,0.998586
2951,1302,27652,60.164469,809.639567,225.392090,211.501139,0.981023
2952,1302,31885,58.757731,100.070801,446.619792,468.945475,0.966839
2953,1302,29667,603.267904,176.620361,218.869141,214.966227,0.960881
2954,1305,27926,602.377767,160.900960,253.853841,450.446289,0.997139
2955,1305,1900,633.060384,893.222005,210.039388,136.211100,0.985828
2956,1305,16551,82.149211,665.518717,334.271159,475.413249,0.980350
2957,1305,44198,138.273356,291.380697,281.557536,148.550212,0.914812
2958,1309,3483,123.523275,306.085815,271.101481,204.024740,0.999101
2959,1309,27733,559.119141,253.656596,303.349284,266.011373,0.986049
2960,1309,29667,86.284729,863.294108,233.524272,228.864421,0.961399
2961,1309,28763,582.005046,870.358887,225.082031,212.509766,0.953910
2962,1311,3483,579.006999,758.048177,274.578125,211.484375,0.998236
2963,1311,27733,91.066650,730.759115,327.157145,280.618815,0.986947
2964,1311,28763,175.702230,186.317464,209.383708,201.020264,0.963310
2965,1311,29667,638.346191,178.020874,221.618815,213.113525,0.941900
2966,1312,5093,108.321208,804.715658,281.453695,277.344727,0.992220
2967,1312,2483,615.851074,52.014364,255.481120,468.350708,0.990726
2968,1312,5885,596.303060,683.637370,235.658529,491.087240,0.985094
2969,1312,22626,67.178304,56.550334,327.483968,482.839518,0.967549
2970,1315,3351,421.778727,876.536296,193.000570,195.763346,0.999905
2971,1315,19232,544.354167,205.728414,298.997721,291.350281,0.990300
2972,1315,16688,145.890788,80.234029,271.166992,619.481954,0.979175
2973,1315,3351,421.604248,876.994629,106.590739,191.881510,0.001615
2974,1316,3351,325.590210,159.793050,186.904541,192.059245,0.999987
2975,1316,19232,83.087199,692.267822,309.586914,308.293132,0.991120
2976,1316,16688,514.332845,477.034749,289.490234,679.932780,0.977569
2977,1316,3351,324.918091,159.129801,68.344727,192.839437,0.017718
2978,1322,2483,84.763407,676.887044,240.517110,482.993327,0.995330
2979,1322,5093,551.374105,189.639811,274.055501,269.907227,0.993787
2980,1322,6191,482.671509,595.742513,341.393921,499.876139,0.990924
2981,1322,4377,133.513428,104.879883,219.233561,443.742025,0.988141
2982,1323,5093,103.205973,799.072917,282.330648,277.148763,0.991488
2983,1323,6191,125.901265,106.119222,337.951518,500.604818,0.988149
2984,1323,2483,614.808431,51.713216,225.178060,484.512329,0.985659
2985,1323,4377,590.893880,700.842773,215.377441,455.074544,0.985309
2986,1326,3351,367.623372,244.350871,185.728190,185.828044,0.999987
2987,1326,18357,160.841471,668.408081,267.192383,352.878540,0.986795
2988,1326,20238,600.553060,839.193115,226.530273,222.803711,0.977189
2989,1326,3351,368.015584,243.604085,60.934652,184.106323,0.081050
2990,1327,29451,511.245361,243.478027,411.964030,222.948324,0.989320
2991,1327,1900,641.846029,843.052897,192.472656,192.585938,0.974441
2992,1327,16548,167.378906,813.831380,243.808024,239.788249,0.969860
2993,1327,44198,174.379537,233.205892,202.951029,263.153971,0.946121
2994,1328,29451,69.117635,841.835124,418.976969,219.713704,0.988689
2995,1328,1900,166.958801,246.991862,183.871277,182.924805,0.979345
2996,1328,16548,579.865560,216.839152,241.489746,228.496908,0.974767
2997,1328,44198,624.191895,810.512126,210.669922,271.441732,0.941980
2998,1329,29451,33.237752,799.494141,425.322591,229.164062,0.990388
2999,1329,1900,147.885661,241.632487,184.422933,179.155924,0.988908
3000,1329,16548,553.265625,207.791585,234.611003,227.284831,0.959851
3001,1329,44198,597.081380,778.492676,215.070638,277.095052,0.951210
3002,1330,3483,603.358724,843.585286,277.124837,191.335612,0.998953
3003,1330,34597,89.771484,162.301025,447.519368,423.224772,0.988686
3004,1330,25469,88.632650,828.509277,340.579020,302.126302,0.987264
3005,1330,35206,609.481689,119.602783,235.176921,401.739380,0.982204
3006,1331,3483,575.102376,809.066488,278.895182,194.206217,0.999099
3007,1331,35206,581.643392,110.480387,228.049805,393.539144,0.985518
3008,1331,34597,74.212158,130.811218,438.782145,430.108866,0.982977
3009,1331,25469,53.739746,786.253418,346.229818,302.572266,0.982742
3010,1332,3483,124.992472,272.952352,272.270915,189.873372,0.998929
3011,1332,34597,461.870443,648.485189,450.206055,439.060872,0.989467
3012,1332,25469,573.611003,187.332194,329.946289,283.869100,0.984792
3013,1332,35206,135.623454,727.216960,246.550700,412.697266,0.984527
3014,1333,3351,399.901530,920.997233,192.520264,195.579102,0.999915
3015,1333,20014,579.935384,280.434306,345.544922,320.192566,0.989237
3016,1333,36637,156.485148,282.738159,197.438314,250.746663,0.974522
3017,1333,3351,400.392578,922.409587,135.964844,192.004395,0.002049
3018,1337,29451,493.433146,819.487305,402.778605,268.336263,0.988816
3019,1337,18109,77.731201,791.579183,308.803792,290.229167,0.983574
3020,1337,1900,167.009440,246.273763,184.309814,181.966390,0.980240
3021,1337,16548,575.605794,186.113118,240.651693,228.074300,0.973388
3022,1340,1900,644.276693,860.463379,210.108073,156.994954,0.988929
3023,1340,31704,135.787415,124.933309,241.694682,421.828369,0.988089
3024,1340,16548,188.351156,823.315104,240.481689,239.350260,0.971984
3025,1340,24850,580.483968,285.721476,288.548340,169.713867,0.971271
3026,1345,3483,602.902832,843.784912,274.970378,192.067546,0.998864
3027,1345,25469,87.212931,829.396810,340.230713,299.392415,0.988490
3028,1345,31885,163.887858,131.236328,434.177409,497.344076,0.970497
3029,1345,29667,618.168864,173.843384,224.345215,216.417562,0.961563
3030,1347,3483,126.927165,272.169922,270.611979,189.200114,0.999154
3031,1347,25469,575.713053,189.506673,329.559245,281.670736,0.983089
3032,1347,31885,414.912354,615.160278,423.205404,512.280640,0.965837
3033,1347,29667,139.323975,869.253906,231.981283,229.487630,0.954501
3034,1348,3351,361.820801,878.873047,191.037842,193.702311,0.999613
3035,1348,31863,185.427002,265.088908,205.522868,206.152262,0.996677
3036,1348,22074,675.021403,308.043559,183.058431,189.271301,0.985836
3037,1348,3351,362.700765,879.493164,90.785807,190.775716,0.004325
3038,1350,3351,426.240479,219.940959,185.045898,183.737996,0.999958
3039,1350,22074,107.154134,813.589518,182.791423,188.986003,0.996181
3040,1350,31863,589.238118,856.982096,205.401042,206.770671,0.995229
3041,1350,3351,426.730062,218.486613,96.274821,183.291870,0.007370
3042,1353,3483,172.213542,276.468608,260.299072,217.624654,0.999265
3043,1353,34597,514.293132,679.353760,439.438639,458.759277,0.991387
3044,1353,27777,637.465983,292.474691,175.639974,196.870117,0.977035
3045,1353,16232,151.839478,826.222982,193.357747,193.923991,0.940987
3046,1354,3483,141.151021,289.630636,212.675476,257.904277,0.998815
3047,1354,20877,542.169352,295.037923,329.851237,235.971029,0.980104
3048,1354,30308,576.325195,737.200358,343.545573,464.521973,0.972942
3049,1354,36637,166.955750,798.015462,189.131327,258.151367,0.968991
3050,1355,3483,623.556315,715.007731,211.416178,272.733887,0.999127
3051,1355,30308,80.587056,45.323486,323.654968,445.131592,0.982655
3052,1355,20877,85.886047,723.675212,333.680522,242.958984,0.979407
3053,1355,36637,603.600423,202.852091,181.807617,247.109009,0.966229
3054,1357,3544,94.331889,229.823771,204.757304,200.736450,0.998728
3055,1357,6562,164.518636,671.018962,218.349447,365.283691,0.979337
3056,1357,16548,577.367513,169.150757,234.373698,225.869059,0.963824
3057,1357,12419,626.949219,815.197103,191.890137,186.990560,0.935416
3058,1358,3544,111.545085,240.849243,207.489258,201.206706,0.998247
3059,1358,6562,196.735026,713.231934,216.322835,359.469076,0.982094
3060,1358,16548,605.566406,176.562744,237.628255,225.429484,0.973005
3061,1358,12419,652.831299,848.204264,190.253418,181.969727,0.927583
3062,1359,3544,675.135986,828.325033,213.386230,210.965495,0.996405
3063,1359,6562,585.197591,232.107320,210.865397,338.776876,0.979357
3064,1359,16548,140.728516,854.257487,243.024740,237.541829,0.963079
3065,1359,12419,165.043477,277.296753,183.255676,179.476481,0.939974
3066,1361,3351,356.939697,147.356313,185.327799,190.788829,0.999987
3067,1361,19232,168.383911,646.726603,242.099691,360.243123,0.995924
3068,1361,29667,628.376546,689.458822,230.670410,232.814128,0.967417
3069,1361,4999,270.502848,148.435547,185.522461,192.431356,0.002568
3070,1363,3351,431.745850,885.890137,193.774089,193.176432,0.999974
3071,1363,33880,454.373372,243.015238,434.749837,290.957499,0.993546
3072,1363,16262,118.812297,291.219971,244.662760,238.102946,0.980188
3073,1363,3351,431.771077,885.802409,43.335286,192.668294,0.002039
3074,1366,3483,132.273600,288.496602,279.046794,173.463359,0.999061
3075,1366,27652,672.327311,254.996216,221.356120,201.316895,0.986753
3076,1366,22347,662.140137,836.486328,214.458659,208.037760,0.977591
3077,1366,29667,123.547201,864.704753,233.565023,227.806966,0.965752
3078,1367,3483,561.360189,808.521159,284.700846,179.582357,0.998882
3079,1367,27652,59.799194,810.150391,225.519897,210.776367,0.981061
3080,1367,22347,107.056010,225.270223,201.457662,194.833944,0.973110
3081,1367,29667,603.407145,177.307739,218.857747,213.906738,0.969174
3082,1369,3483,600.564941,867.557129,257.709635,231.340820,0.999395
3083,1369,16262,639.146240,177.120809,244.574544,232.094767,0.979179
3084,1369,19861,125.796631,865.137858,223.184733,168.912435,0.975167
3085,1369,22347,118.559652,213.481242,207.104818,198.714600,0.969149
3086,1371,3483,573.000651,835.114909,260.112142,234.240234,0.999130
3087,1371,19861,91.440430,825.949219,227.774007,176.798828,0.979115
3088,1371,16262,610.283529,172.257894,238.788086,229.687744,0.977195
3089,1371,22347,103.474040,205.247152,200.633870,194.501465,0.960354
3090,1372,2483,594.407878,112.761556,290.891602,444.822184,0.992092
3091,1372,5885,612.456380,695.142578,235.441732,516.574382,0.985656
3092,1372,3743,73.977865,813.470866,335.536214,329.645833,0.979340
3093,1372,22626,84.409505,89.637370,320.634115,492.548584,0.971473
3094,1376,33009,585.706868,242.215678,358.687826,237.024882,0.993288
3095,1376,1900,641.895101,859.013428,207.025716,168.750488,0.986941
3096,1376,33208,151.829875,294.882222,207.602132,198.365092,0.976813
3097,1376,16551,89.621826,701.134440,296.643311,501.227214,0.962636
3098,1377,1900,149.723877,255.353475,201.289469,157.707479,0.989718
3099,1377,33009,49.143575,825.189616,357.655416,232.363932,0.986213
3100,1377,33208,640.979736,804.316895,210.118327,203.154297,0.975121
3101,1377,16551,607.269043,55.547689,284.479818,485.816081,0.967653
3102,1378,3483,148.770589,218.678548,249.737142,223.551514,0.999413
3103,1378,35206,107.540934,774.484538,303.017497,390.118164,0.983580
3104,1378,19861,637.689941,277.310588,221.700846,170.807129,0.970268
3105,1378,22347,624.475749,868.002441,212.069010,209.029297,0.963447
3106,1379,3483,600.895345,867.732747,257.371419,231.609701,0.999419
3107,1379,35206,582.554362,98.420654,288.629720,376.000732,0.983160
3108,1379,19861,126.063924,865.109782,222.981120,168.829753,0.976131
3109,1379,22347,161.336934,201.136434,206.568502,197.241781,0.965002
3110,1381,3351,405.815837,842.625651,192.967285,194.138997,0.998329
3111,1381,21325,633.008057,275.376994,238.469076,141.819743,0.970670
3112,1381,32310,33.377686,232.832296,369.765869,237.001770,0.969728
3113,1384,3483,566.170492,815.536784,262.534180,219.036784,0.999200
3114,1384,25367,50.959880,90.552002,417.151693,459.601481,0.990489
3115,1384,20238,603.622884,196.039469,226.013346,215.695150,0.977997
3116,1384,27777,177.924194,814.308919,174.406169,199.564128,0.971778
3117,1385,3483,538.284017,779.269938,266.527507,225.275716,0.999300
3118,1385,25367,37.295105,73.749878,403.079732,453.425822,0.987475
3119,1385,20238,575.438477,190.259481,223.075195,215.335571,0.976042
3120,1385,27777,143.622070,776.126628,181.505290,206.774902,0.973406
3121,1386,3483,173.251628,273.579732,261.034912,218.257019,0.998941
3122,1386,25367,534.510742,697.319661,421.111979,473.846354,0.989321
3123,1386,20238,151.959269,850.411051,234.062093,226.540527,0.980934
3124,1386,27777,638.864339,291.479329,175.754883,197.328125,0.976726
3125,1387,3483,643.227539,756.950033,203.191406,274.201823,0.999196
3126,1387,20877,138.614034,832.613118,277.717916,311.731120,0.980891
3127,1387,20238,600.563639,181.187174,227.366536,216.510742,0.977063
3128,1387,22347,111.717163,240.771769,206.750488,198.414225,0.970312
3129,1390,2483,598.005046,119.391846,209.088867,466.302897,0.989409
3130,1390,25438,155.883464,871.061849,262.898031,269.454427,0.987773
3131,1390,22362,605.334147,745.167155,267.460938,424.868652,0.986484
3132,1390,22626,111.025716,157.581055,365.308919,463.400635,0.972299
3133,1392,2483,602.119954,80.566772,219.023112,480.681234,0.988842
3134,1392,22362,597.561035,743.346842,256.103841,409.789388,0.987622
3135,1392,25438,154.579081,859.947021,257.205424,255.828613,0.984351
3136,1392,22626,107.410156,129.333659,369.357096,456.578613,0.973517
3137,1393,3483,173.886190,274.195882,260.657389,217.088542,0.999168
3138,1393,16262,136.218608,836.393799,250.767558,241.844564,0.981098
3139,1393,22347,681.982666,869.759440,216.155762,208.993001,0.978884
3140,1393,27777,638.977865,291.785583,175.987630,196.943176,0.976400
3141,1395,3483,537.406494,779.293620,266.914062,224.003092,0.999449
3142,1395,16262,574.393717,186.382039,241.675456,229.502604,0.980117
3143,1395,22347,88.910645,192.641439,200.820312,195.654460,0.972638
3144,1395,27777,143.311239,776.448893,181.062012,205.817383,0.972483
3145,1396,2483,81.335042,659.645630,216.761963,489.820353,0.994560
3146,1396,5093,522.560262,160.874034,273.254517,268.458079,0.992845
3147,1396,13395,77.604736,82.360921,237.641683,487.671305,0.992001
3148,1396,19552,509.914714,594.119263,325.425293,487.651733,0.989747
3149,1401,3483,126.257975,272.436544,271.520020,188.613261,0.999129
3150,1401,25469,575.230794,188.898682,330.720866,281.202393,0.983176
3151,1401,22347,649.842041,850.298828,215.281413,209.312826,0.969079
3152,1401,29667,136.873637,870.062826,232.721659,228.572103,0.962656
3153,1402,3351,424.108073,882.839844,192.729655,195.569824,0.999859
3154,1402,33880,461.471110,194.022380,391.491374,366.212891,0.993029
3155,1402,20238,84.069255,333.691203,229.822917,222.815023,0.968017
3156,1402,3351,425.311483,884.815755,93.225749,191.545736,0.002252
3157,1404,3351,364.450439,213.050252,187.032552,186.302409,0.999995
3158,1404,33880,118.868673,738.480957,395.227519,375.928874,0.992483
3159,1404,20238,668.646973,761.848958,229.313802,223.464193,0.962327
3160,1404,3351,365.333984,213.120850,120.317057,185.285441,0.131993
3161,1407,3351,377.720459,228.727783,186.033529,185.787109,0.999993
3162,1407,33880,100.698853,681.184774,315.610758,434.226847,0.995442
3163,1407,38162,603.392578,791.729329,249.044922,255.085286,0.975579
3164,1407,3351,377.681396,225.459961,191.173014,260.193359,0.011829
3165,1408,1900,188.008036,274.875509,201.723653,134.507629,0.990452
3166,1408,33208,657.132161,898.978597,220.292318,211.380859,0.974547
3167,1408,16548,75.131877,807.818685,241.915202,237.869792,0.966545
3168,1408,21025,685.666829,274.524251,177.543294,173.840820,0.962657
3169,1411,3483,590.677409,842.284180,281.304362,174.720703,0.998832
3170,1411,27652,95.386027,852.277507,223.824951,206.791992,0.985058
3171,1411,30308,67.720947,127.019124,391.212891,420.855306,0.982492
3172,1411,36637,642.314453,207.584269,191.013021,247.731934,0.968801
3173,1413,3483,130.555420,289.438314,278.502523,173.252116,0.999001
3174,1413,30308,547.053223,707.171468,396.235189,423.403646,0.988765
3175,1413,27652,670.295410,253.970500,220.836426,201.605062,0.987417
3176,1413,36637,150.522319,801.804362,194.430155,254.607096,0.968243
3177,1414,27926,554.342936,597.400960,274.061523,483.958171,0.999324
3178,1414,3544,109.789368,194.842407,202.327657,199.042725,0.998678
3179,1414,10220,599.732992,191.456421,219.251302,213.702759,0.990232
3180,1414,16548,55.963664,774.865234,240.570068,236.037760,0.974602
3181,1418,1900,127.295980,254.916260,198.850342,150.586426,0.988979
3182,1418,31704,592.615072,697.593913,254.854492,455.519531,0.985575
3183,1418,10223,563.673828,88.512939,237.381836,396.150106,0.984279
3184,1418,16551,107.803223,646.534098,288.953695,497.362630,0.942255
3185,1420,3351,408.686442,872.051432,193.496745,195.946289,0.999556
3186,1420,16688,546.703125,59.458150,264.273438,612.586934,0.980944
3187,1420,41768,95.665975,232.725586,299.111084,274.917887,0.974484
3188,1420,3351,409.034709,872.861735,50.946208,192.612467,0.009547
3189,1421,3351,337.708171,163.281901,185.751790,192.114827,0.999983
3190,1421,16688,117.174967,501.313599,264.110026,668.214233,0.984798
3191,1421,41768,549.863932,717.486165,303.599284,291.875326,0.983302
3192,1421,3351,337.191976,164.120687,82.103027,190.867879,0.003662
3193,1424,3483,538.373698,777.646810,265.440918,222.763184,0.999308
3194,1424,35206,580.388835,132.858195,223.330404,391.397664,0.984082
3195,1424,27777,143.811544,775.533529,180.882141,205.753743,0.973979
3196,1424,31885,96.056559,73.542928,359.950358,523.191772,0.952946
3197,1425,3483,566.569255,812.714600,261.688314,218.532715,0.999217
3198,1425,35206,608.153809,140.120687,230.144694,403.779948,0.983153
3199,1425,27777,178.501709,813.046712,173.278320,199.450195,0.972130
3200,1425,31885,110.152974,96.706584,378.442240,527.724854,0.962004
3201,1429,3544,120.842122,252.365173,208.149333,200.948710,0.998191
3202,1429,10220,677.624023,217.088053,227.604329,213.970052,0.985437
3203,1429,29345,605.003825,705.367839,282.537272,443.242188,0.976089
3204,1429,16548,124.950155,830.088053,238.059489,230.348307,0.972157
3205,1431,3544,103.766439,241.673258,204.092855,200.311035,0.999056
3206,1431,10220,648.627197,207.528361,221.491048,215.293986,0.989588
3207,1431,29345,577.336426,668.458415,284.532878,447.001302,0.979361
3208,1431,16548,91.406576,790.603353,241.045492,235.058268,0.957225
3209,1433,3351,367.653971,171.497233,183.003662,188.121948,0.999992
3210,1433,38162,608.272135,756.533366,296.640625,206.666016,0.984052
3211,1433,32310,0.000000,663.850952,304.694417,328.353475,0.980775
3212,1433,3351,367.412598,171.975871,88.764160,186.367350,0.282417
3213,1435,3351,397.187500,852.698324,190.247721,192.757324,0.999847
3214,1435,13900,168.627828,339.939067,174.068542,255.565409,0.979387
3215,1435,20238,588.547363,307.538045,225.875488,217.617920,0.961738
3216,1436,3351,349.253906,184.740072,186.346273,189.855143,0.999964
3217,1436,13900,599.054036,625.915365,179.909180,267.743978,0.977693
3218,1436,20238,111.813904,699.915690,230.468241,230.198568,0.972271
3219,1436,3351,347.147298,185.907674,59.644531,189.935710,0.003180
3220,1438,3544,698.361654,858.535482,215.458008,211.725098,0.988584
3221,1438,6562,584.296712,233.218587,211.005046,338.289469,0.976323
3222,1438,12247,175.837260,302.830037,204.012187,125.972412,0.973879
3223,1438,16548,207.821615,841.204590,243.598633,239.224609,0.954928
3224,1439,3544,72.954549,199.831787,202.284953,200.290487,0.997917
3225,1439,6562,165.519104,670.492432,219.925313,365.454753,0.982268
3226,1439,12247,592.817220,848.869303,212.285482,128.167318,0.978702
3227,1439,16548,513.024862,179.138875,234.387410,227.151489,0.958915
3228,1441,3483,579.545736,758.696940,273.828776,211.829102,0.998167
3229,1441,27733,90.461466,730.887370,328.158285,280.173828,0.988939
3230,1441,22347,117.121236,172.921997,203.653178,194.445597,0.964329
3231,1441,36637,590.256836,203.811849,258.470703,167.975749,0.843530
3232,1442,3483,607.134928,791.483236,273.592773,208.972331,0.998025
3233,1442,27733,128.130107,776.931315,314.442891,276.072591,0.987145
3234,1442,22347,132.858175,178.712769,207.910299,196.529541,0.973606
3235,1442,36637,619.463704,209.134847,265.371094,169.670410,0.969413
3236,1444,2483,93.375203,691.080404,214.635824,490.907552,0.989458
3237,1444,4377,133.095662,104.826742,223.930176,441.450928,0.986854
3238,1444,23222,522.285360,629.104574,296.370076,509.887533,0.979553
3239,1444,3743,484.428589,151.027679,314.128540,302.408030,0.976633
3240,1446,4377,587.732747,701.821533,225.786458,453.459635,0.988324
3241,1446,2483,631.930420,33.268717,199.344076,484.942790,0.987964
3242,1446,23222,123.763285,70.450439,293.586243,505.146647,0.981998
3243,1446,3743,128.180115,802.229492,329.483704,320.341146,0.981211
3244,1447,3544,102.063965,180.684937,204.996257,200.928670,0.998203
3245,1447,29451,465.494954,764.818685,413.337565,249.959635,0.990256
3246,1447,10220,626.927572,191.682821,222.470215,216.424683,0.989728
3247,1447,16548,44.888550,790.042155,244.770142,236.971680,0.956708
3248,1449,3544,118.191121,185.909424,208.730387,201.717285,0.997902
3249,1449,29451,494.320557,803.314453,408.899740,242.289388,0.990458
3250,1449,10220,654.439535,199.013021,228.927572,215.406576,0.990433
3251,1449,16548,79.273966,830.852620,241.890137,230.379395,0.975595
3252,1450,13395,589.570312,713.325195,239.927246,501.753581,0.992268
3253,1450,25438,123.270833,810.185059,255.758219,258.652344,0.987962
3254,1450,2483,600.781576,42.299438,217.409017,488.805339,0.972731
3255,1450,12778,109.924398,65.646769,295.684001,521.803426,0.963906
3256,1452,13395,599.772624,708.475423,236.931641,528.980469,0.989048
3257,1452,25438,124.112000,823.334147,262.061666,268.848958,0.985704
3258,1452,2483,595.419596,79.933268,206.894531,475.073893,0.972332
3259,1452,12778,107.103678,84.386759,297.317952,543.938395,0.962721
3260,1453,3351,455.954224,905.647298,194.590210,194.802734,0.999933
3261,1453,18357,50.118083,307.707520,280.321045,336.417399,0.983616
3262,1453,16688,477.277100,119.349447,423.826823,531.803955,0.980932
3263,1453,3351,455.793498,905.276774,40.621582,193.927897,0.004818
3264,1455,3351,331.995361,190.763224,186.493408,186.396281,0.999982
3265,1455,16688,72.545268,620.285075,435.113912,591.967448,0.988551
3266,1455,18357,651.735026,648.510010,284.422526,347.806315,0.984705
3267,1455,3351,332.980347,191.585164,102.829671,186.097453,0.009523
3268,1458,23222,79.243693,170.744303,297.866699,498.474528,0.988593
3269,1458,4377,639.460449,703.657389,227.539876,459.702148,0.988137
3270,1458,2483,610.845947,69.606893,241.963704,468.671753,0.987414
3271,1458,25438,109.656006,828.268717,257.035482,256.595052,0.984210
3272,1459,5093,105.231283,811.029134,288.112956,286.391927,0.989777
3273,1459,2483,624.900635,73.232259,224.976237,465.190104,0.989344
3274,1459,12081,648.429850,693.458659,247.228841,468.517904,0.980917
3275,1459,22626,77.151571,186.148234,317.505778,476.564372,0.970407
3276,1460,2483,52.998983,696.271973,258.985067,484.250814,0.993343
3277,1460,5093,550.226725,188.652588,272.977214,270.460815,0.992749
3278,1460,12081,70.627035,126.485901,227.400960,432.813660,0.980183
3279,1460,22626,546.064779,574.010620,319.686198,484.479126,0.975351
3280,1461,5093,104.076192,798.762695,282.494609,280.138672,0.993673
3281,1461,2483,630.345378,35.600342,244.600260,476.843180,0.991208
3282,1461,12081,638.938965,687.078369,240.311523,454.272624,0.979784
3283,1461,22626,74.452881,155.115316,320.729574,477.469320,0.976629
3284,1462,3483,130.740682,288.377279,279.393473,175.041748,0.999101
3285,1462,25367,525.625936,673.755534,422.069377,469.198242,0.987534
3286,1462,27652,669.610026,253.437093,221.763997,202.942952,0.985283
3287,1462,20238,132.352376,868.229818,234.457682,228.569010,0.979163
3288,1463,3483,590.289876,842.261882,281.805501,176.198568,0.998619
3289,1463,25367,55.763306,119.713236,425.924316,456.772441,0.989733
3290,1463,27652,95.019775,852.461914,224.967611,207.346029,0.985486
3291,1463,20238,622.142578,178.039266,226.453125,216.671387,0.980190
3292,1464,3483,562.952637,808.095215,284.128581,179.896484,0.998525
3293,1464,25367,43.765747,101.640910,407.834391,449.660645,0.992802
3294,1464,27652,62.260132,811.012533,226.481934,212.006836,0.981878
3295,1464,20238,593.999023,175.195190,222.241862,213.055745,0.981650
3296,1466,3483,561.889486,808.399089,284.559408,179.497070,0.999038
3297,1466,27652,60.820394,810.608561,226.246908,210.936849,0.980676
3298,1466,16262,594.034668,176.579061,239.621419,229.498657,0.978420
3299,1466,22347,106.842509,178.616455,199.944194,194.864705,0.961486
3300,1473,1900,614.772786,860.837565,203.460612,156.729167,0.981873
3301,1473,19607,150.292562,218.727498,159.087565,152.143555,0.977389
3302,1473,21025,124.721985,865.246501,180.456401,178.226237,0.975583
3303,1473,16551,572.508464,91.146037,282.655924,482.035767,0.970716
3304,1474,3483,608.588542,790.074788,273.176107,209.524577,0.997971
3305,1474,27733,124.087402,767.381917,316.406250,277.080892,0.988198
3306,1474,34597,65.477376,98.897705,440.824382,429.077637,0.985478
3307,1474,36637,618.684082,207.633097,263.979492,169.644287,0.967656
3308,1476,3483,580.521973,756.241943,273.858724,212.735189,0.998657
3309,1476,34597,53.314962,68.521362,430.913391,435.825562,0.990595
3310,1476,27733,86.315369,722.638509,330.731913,282.745117,0.989987
3311,1476,36637,590.775228,203.010335,255.511393,168.977254,0.936773
3312,1477,3351,650.307129,287.776286,185.666016,186.407796,0.999943
3313,1477,18357,357.009766,676.912760,256.097249,376.869954,0.987092
3314,1477,36637,87.525716,230.800415,241.313965,213.276652,0.975725
3315,1477,3351,650.393880,287.697388,101.302409,184.605957,0.001752
3316,1480,3544,643.079102,876.693034,213.910807,213.179036,0.997401
3317,1480,10220,158.801819,262.244100,220.925964,211.400228,0.985994
3318,1480,6562,594.297038,239.707235,210.274089,340.186768,0.975694
3319,1480,16548,173.169698,834.037760,242.152812,237.802083,0.965501
3320,1483,3483,148.755920,218.413696,249.937683,223.834920,0.999368
3321,1483,35206,107.221029,774.109945,303.170247,390.418457,0.984000
3322,1483,19861,637.896159,277.257487,221.757812,170.946045,0.969321
3323,1483,28763,630.465332,897.657715,223.739909,214.695312,0.960951
3324,1485,3483,600.468913,867.084473,257.711589,231.887695,0.999319
3325,1485,35206,583.243327,97.953003,287.729167,376.745158,0.983009
3326,1485,19861,125.854370,865.026204,223.213379,168.771484,0.976807
3327,1485,28763,146.872070,167.763957,213.126872,202.354858,0.973053
3328,1488,3351,391.623210,206.185303,185.021810,183.427979,0.999971
3329,1488,31863,627.582031,831.033040,205.433919,205.497721,0.996486
3330,1488,21325,212.071899,827.187663,202.234212,197.857910,0.961964
3331,1488,4999,299.418538,205.573120,186.830892,191.099691,0.002091
3332,1489,3351,401.777344,848.867839,191.142497,193.885742,0.999881
3333,1489,20014,536.854655,289.109212,340.355143,315.496094,0.983098
3334,1489,20238,184.354513,279.974935,225.432434,219.534831,0.934058
3335,1489,20014,183.802877,279.112996,226.018901,220.092041,0.003977
3336,1492,3351,377.844808,903.460775,192.666016,193.759766,0.999041
3337,1492,18147,528.789022,296.917155,341.568726,355.536540,0.989702
3338,1492,21325,184.823079,274.038025,160.981689,235.512349,0.963367
3339,1493,3351,366.676514,135.975484,186.906901,191.851196,0.999971
3340,1493,18147,59.586039,542.495361,348.320129,382.161947,0.988051
3341,1493,21325,600.036051,720.419027,159.128743,240.274740,0.964226
3342,1493,3351,366.928223,136.062398,78.421387,189.723022,0.020523
3343,1497,3483,565.314290,838.623372,260.708984,236.351725,0.999243
3344,1497,34597,61.339193,54.699626,303.771240,505.254883,0.984183
3345,1497,19861,84.233154,824.625651,228.222249,178.030599,0.977838
3346,1497,29667,609.433919,198.664876,219.429362,215.044678,0.959500
3347,1500,3351,349.824056,236.860433,186.827311,184.262695,0.999992
3348,1500,41768,569.427816,858.756348,352.558268,182.455241,0.982689
3349,1500,38162,196.792236,732.819336,186.335775,298.843424,0.981471
3350,1500,3351,351.247884,237.074219,43.648600,184.940348,0.003231
